"name","url","addr","rank","cost","cost.instate","cost.ostate","enroll","type","state","city"
"Princeton University","www.usnews.com/best-colleges/princeton-university-2627","Princeton, NJ",1,47140,47140,47140,5400,"private","NJ","Princeton"
"Harvard University","www.usnews.com/best-colleges/harvard-university-2155","Cambridge, MA",2,48949,48949,48949,6710,"private","MA","Cambridge"
"University of Chicago","www.usnews.com/best-colleges/university-of-chicago-1774","Chicago, IL",3,54825,54825,54825,5941,"private","IL","Chicago"
"Yale University","www.usnews.com/best-colleges/yale-university-1426","New Haven, CT",3,51400,51400,51400,5472,"private","CT","New Haven"
"Columbia University","www.usnews.com/best-colleges/columbia-university-2707","New York, NY",5,57208,57208,57208,6113,"private","NY","New York"
"Massachusetts Institute of Technology","www.usnews.com/best-colleges/mit-2178","Cambridge, MA",5,49892,49892,49892,4524,"private","MA","Cambridge"
"Stanford University","www.usnews.com/best-colleges/stanford-1305","Stanford, CA",5,49617,49617,49617,7034,"private","CA","Stanford"
"University of Pennsylvania","www.usnews.com/best-colleges/university-of-pennsylvania-3378","Philadelphia, PA",8,53534,53534,53534,10019,"private","PA","Philadelphia"
"Duke University","www.usnews.com/best-colleges/duke-university-2920","Durham, NC",9,53744,53744,53744,6609,"private","NC","Durham"
"California Institute of Technology","www.usnews.com/best-colleges/cal-tech-1131","Pasadena, CA",10,49908,49908,49908,979,"private","CA","Pasadena"
"Dartmouth College","www.usnews.com/best-colleges/dartmouth-college-2573","Hanover, NH",11,52950,52950,52950,4310,"private","NH","Hanover"
"Johns Hopkins University","www.usnews.com/best-colleges/jhu-2077","Baltimore, MD",11,52170,52170,52170,6117,"private","MD","Baltimore"
"Northwestern University","www.usnews.com/best-colleges/northwestern-1739","Evanston, IL",11,52678,52678,52678,8353,"private","IL","Evanston"
"Brown University","www.usnews.com/best-colleges/brown-university-3401","Providence, RI",14,53419,53419,53419,6926,"private","RI","Providence"
"Cornell University","www.usnews.com/best-colleges/cornell-university-2711","Ithaca, NY",14,52853,52853,52853,14566,"private","NY","Ithaca"
"Rice University","www.usnews.com/best-colleges/rice-3604","Houston, TX",14,45608,45608,45608,3893,"private","TX","Houston"
"Vanderbilt University","www.usnews.com/best-colleges/vanderbilt-3535","Nashville, TN",14,47664,47664,47664,6871,"private","TN","Nashville"
"University of Notre Dame","www.usnews.com/best-colleges/notre-dame-1840","Notre Dame, IN",18,51505,51505,51505,8530,"private","IN","Notre Dame"
"Washington University in St. Louis","www.usnews.com/best-colleges/washington-university-st-louis-2520","St. Louis, MO",18,51533,51533,51533,7540,"private","MO","St. Louis"
"Georgetown University","www.usnews.com/best-colleges/georgetown-university-1445","Washington, DC",20,52300,52300,52300,7453,"private","DC","Washington"
"Emory University","www.usnews.com/best-colleges/emory-university-1564","Atlanta, GA",21,49392,49392,49392,6861,"private","GA","Atlanta"
"University of California--Berkeley","www.usnews.com/best-colleges/uc-berkeley-1312","Berkeley, CA",21,42112,14098,42112,29311,"state","CA","Berkeley"
"University of California--Los Angeles","www.usnews.com/best-colleges/ucla-1315","Los Angeles, CA",21,41270,13256,41270,30873,"state","CA","Los Angeles"
"University of Southern California","www.usnews.com/best-colleges/usc-1328","Los Angeles, CA",21,54259,54259,54259,18794,"private","CA","Los Angeles"
"Carnegie Mellon University","www.usnews.com/best-colleges/carnegie-mellon-university-3242","Pittsburgh, PA",25,53910,53910,53910,6673,"private","PA","Pittsburgh"
"University of Virginia","www.usnews.com/best-colleges/uva-6968","Charlottesville, VA",25,46975,16146,46975,16331,"state","VA","Charlottesville"
"Wake Forest University","www.usnews.com/best-colleges/wake-forest-2978","Winston-Salem, NC",27,51400,51400,51400,4955,"private","NC","Winston-Salem"
"University of Michigan--Ann Arbor","www.usnews.com/best-colleges/university-of-michigan-9092","Ann Arbor, MI",28,47476,14826,47476,28983,"state","MI","Ann Arbor"
"Tufts University","www.usnews.com/best-colleges/tufts-university-2219","Medford, MA",29,54318,54318,54318,5508,"private","MA","Medford"
"New York University","www.usnews.com/best-colleges/nyu-2785","New York, NY",30,50464,50464,50464,26135,"private","NY","New York"
"University of North Carolina--Chapel Hill","www.usnews.com/best-colleges/unc-2974","Chapel Hill, NC",30,34588,9005,34588,18523,"state","NC","Chapel Hill"
"Boston College","www.usnews.com/best-colleges/boston-college-2128","Chestnut Hill, MA",32,53346,53346,53346,9309,"private","MA","Chestnut Hill"
"College of William &amp; Mary","www.usnews.com/best-colleges/william-and-mary-3705","Williamsburg, VA",32,43099,20287,43099,6276,"state","VA","Williamsburg"
"Brandeis University","www.usnews.com/best-colleges/brandeis-university-2133","Waltham, MA",34,53582,53582,53582,3608,"private","MA","Waltham"
"Georgia Institute of Technology","www.usnews.com/best-colleges/georgia-tech-1569","Atlanta, GA",34,33014,12418,33014,15489,"state","GA","Atlanta"
"University of Rochester","www.usnews.com/best-colleges/university-of-rochester-2894","Rochester, NY",34,52020,52020,52020,6386,"private","NY","Rochester"
"Boston University","www.usnews.com/best-colleges/boston-university-2130","Boston, MA",37,52082,52082,52082,17944,"private","MA","Boston"
"Case Western Reserve University","www.usnews.com/best-colleges/case-western-reserve-university-3024","Cleveland, OH",37,47500,47500,47500,5152,"private","OH","Cleveland"
"University of California--Santa Barbara","www.usnews.com/best-colleges/ucsb-1320","Santa Barbara, CA",37,42423,14409,42423,21574,"state","CA","Santa Barbara"
"Northeastern University","www.usnews.com/best-colleges/northeastern-university-2199","Boston, MA",40,49497,49497,49497,13473,"private","MA","Boston"
"Tulane University","www.usnews.com/best-colleges/tulane-university-2029","New Orleans, LA",40,52960,52960,52960,6377,"private","LA","New Orleans"
"Rensselaer Polytechnic Institute","www.usnews.com/best-colleges/rpi-2803","Troy, NY",42,52305,52305,52305,6265,"private","NY","Troy"
"University of California--Irvine","www.usnews.com/best-colleges/uc-irvine-1314","Irvine, CA",42,43530,15516,43530,27331,"state","CA","Irvine"
"University of California--San Diego","www.usnews.com/best-colleges/ucsd-1317","La Jolla, CA",42,44197,16183,44197,28127,"state","CA","La Jolla"
"University of Florida","www.usnews.com/best-colleges/university-of-florida-1535","Gainesville, FL",42,28658,6381,28658,34554,"state","FL","Gainesville"
"Lehigh University","www.usnews.com/best-colleges/lehigh-university-3289","Bethlehem, PA",46,50740,50740,50740,5080,"private","PA","Bethlehem"
"Pepperdine University","www.usnews.com/best-colleges/pepperdine-university-1264","Malibu, CA",46,51992,51992,51992,3542,"private","CA","Malibu"
"University of California--Davis","www.usnews.com/best-colleges/uc-davis-1313","Davis, CA",46,42396,14382,42396,29546,"state","CA","Davis"
"University of Miami","www.usnews.com/best-colleges/university-of-miami-1536","Coral Gables, FL",46,48484,48484,48484,10849,"private","FL","Coral Gables"
"University of Wisconsin--Madison","www.usnews.com/best-colleges/university-of-wisconsin-3895","Madison, WI",46,34782,10533,34782,31710,"state","WI","Madison"
"Villanova University","www.usnews.com/best-colleges/villanova-3388","Villanova, PA",46,51434,51434,51434,6999,"private","PA","Villanova"
"Pennsylvania State University--University Park","www.usnews.com/best-colleges/penn-state-6965","University Park, PA",52,33664,18436,33664,41359,"state","PA","University Park"
"University of Illinois--Urbana-Champaign","www.usnews.com/best-colleges/uiuc-1775","Champaign, IL",52,31988,15868,31988,33932,"state","IL","Champaign"
"Ohio State University--Columbus","www.usnews.com/best-colleges/ohio-state-6883","Columbus, OH",54,29659,10591,29659,45831,"state","OH","Columbus"
"University of Georgia","www.usnews.com/best-colleges/university-of-georgia-1598","Athens, GA",54,30392,11818,30392,27951,"state","GA","Athens"
"George Washington University","www.usnews.com/best-colleges/gwu-1444","Washington, DC",56,53518,53518,53518,11504,"private","DC","Washington"
"Purdue University--West Lafayette","www.usnews.com/best-colleges/purdue-1825","West Lafayette, IN",56,28804,10002,28804,30043,"state","IN","West Lafayette"
"University of Connecticut","www.usnews.com/best-colleges/uconn-29013","Storrs, CT",56,36948,14880,36948,19324,"state","CT","Storrs"
"University of Texas--Austin","www.usnews.com/best-colleges/university-of-texas-3658","Austin, TX",56,35766,10136,35766,40168,"state","TX","Austin"
"University of Washington","www.usnews.com/best-colleges/university-of-washington-3798","Seattle, WA",56,35538,10974,35538,30933,"state","WA","Seattle"
"Brigham Young University--Provo","www.usnews.com/best-colleges/byu-3670","Provo, UT",61,5460,5460,5460,30979,"private","UT","Provo"
"Fordham University","www.usnews.com/best-colleges/fordham-university-2722","New York, NY",61,50601,50601,50601,9258,"private","NY","New York"
"Southern Methodist University","www.usnews.com/best-colleges/smu-3613","Dallas, TX",61,52498,52498,52498,6521,"private","TX","Dallas"
"Syracuse University","www.usnews.com/best-colleges/syracuse-university-2882","Syracuse, NY",61,46755,46755,46755,15218,"private","NY","Syracuse"
"University of Maryland--College Park","www.usnews.com/best-colleges/university-of-maryland-2103","College Park, MD",61,33606,10399,33606,28472,"state","MD","College Park"
"Worcester Polytechnic Institute","www.usnews.com/best-colleges/wpi-2233","Worcester, MA",61,48628,48628,48628,4432,"private","MA","Worcester"
"Clemson University","www.usnews.com/best-colleges/clemson-university-3425","Clemson, SC",67,35654,14712,35654,18599,"state","SC","Clemson"
"University of Pittsburgh","www.usnews.com/best-colleges/university-of-pittsburgh-3379","Pittsburgh, PA",68,30642,19080,30642,19123,"state","PA","Pittsburgh"
"American University","www.usnews.com/best-colleges/american-university-1434","Washington, DC",69,46615,46615,46615,7901,"private","DC","Washington"
"Rutgers University--New Brunswick","www.usnews.com/best-colleges/rutgers-new-brunswick-6964","Piscataway, NJ",69,30023,14372,30023,36168,"state","NJ","Piscataway"
"Stevens Institute of Technology","www.usnews.com/best-colleges/stevens-institute-of-technology-2639","Hoboken, NJ",69,50554,50554,50554,3021,"private","NJ","Hoboken"
"Texas A&amp;M University--College Station","www.usnews.com/best-colleges/texas-am-college-station-10366","College Station, TX",69,30208,10030,30208,50735,"state","TX","College Station"
"University of Minnesota--Twin Cities","www.usnews.com/best-colleges/university-of-minnesota-3969","Minneapolis, MN",69,26603,14417,26603,34871,"state","MN","Minneapolis"
"Virginia Tech","www.usnews.com/best-colleges/virginia-tech-3754","Blacksburg, VA",69,29371,12852,29371,25791,"state","VA","Blacksburg"
"Baylor University","www.usnews.com/best-colleges/baylor-university-6967","Waco, TX",75,43790,43790,43790,14348,"private","TX","Waco"
"Colorado School of Mines","www.usnews.com/best-colleges/colorado-school-of-mines-1348","Golden, CO",75,37436,18386,37436,4612,"state","CO","Golden"
"University of Massachusetts--Amherst","www.usnews.com/best-colleges/umass-amherst-2221","Amherst, MA",75,33662,15596,33662,23373,"state","MA","Amherst"
"Miami University--Oxford","www.usnews.com/best-colleges/miami-university-7104","Oxford, OH",78,32768,14578,32768,16981,"state","OH","Oxford"
"Texas Christian University","www.usnews.com/best-colleges/tcu-3636","Fort Worth, TX",78,44760,44760,44760,8891,"private","TX","Fort Worth"
"University of Iowa","www.usnews.com/best-colleges/university-of-iowa-1892","Iowa City, IA",78,28813,8575,28813,24476,"state","IA","Iowa City"
"Clark University","www.usnews.com/best-colleges/clark-university-massachusetts-2139","Worcester, MA",81,44400,44400,44400,2289,"private","MA","Worcester"
"Florida State University","www.usnews.com/best-colleges/fsu-1489","Tallahassee, FL",81,21673,6507,21673,32929,"state","FL","Tallahassee"
"Michigan State University","www.usnews.com/best-colleges/michigan-state-2290","East Lansing, MI",81,39405,14460,39405,39090,"state","MI","East Lansing"
"North Carolina State University--Raleigh","www.usnews.com/best-colleges/north-carolina-state-raleigh-2972","Raleigh, NC",81,27406,9058,27406,23847,"state","NC","Raleigh"
"University of California--Santa Cruz","www.usnews.com/best-colleges/ucsc-1321","Santa Cruz, CA",81,42042,14028,42042,16962,"state","CA","Santa Cruz"
"University of Delaware","www.usnews.com/best-colleges/university-of-delaware-1431","Newark, DE",81,32250,12830,32250,18374,"state","DE","Newark"
"Binghamton University--SUNY","www.usnews.com/best-colleges/suny-binghamton-2836","Binghamton, NY",87,24403,9523,24403,13632,"state","NY","Binghamton"
"University of Denver","www.usnews.com/best-colleges/university-denver-1371","Denver, CO",87,48669,48669,48669,5754,"private","CO","Denver"
"University of Tulsa","www.usnews.com/best-colleges/university-of-tulsa-3185","Tulsa, OK",87,39502,39502,39502,3406,"private","OK","Tulsa"
"Indiana University--Bloomington","www.usnews.com/best-colleges/indiana-university-1809","Bloomington, IN",90,34845,10533,34845,39184,"state","IN","Bloomington"
"Marquette University","www.usnews.com/best-colleges/marquette-university-3863","Milwaukee, WI",90,39900,39900,39900,8238,"private","WI","Milwaukee"
"University of Colorado--Boulder","www.usnews.com/best-colleges/cu-boulder-1370","Boulder, CO",90,35079,11531,35079,27846,"state","CO","Boulder"
"University of San Diego","www.usnews.com/best-colleges/university-of-san-diego-10395","San Diego, CA",90,47708,47708,47708,5711,"private","CA","San Diego"
"Drexel University","www.usnews.com/best-colleges/drexel-university-3256","Philadelphia, PA",94,52002,52002,52002,13251,"private","PA","Philadelphia"
"Saint Louis University","www.usnews.com/best-colleges/st-louis-university-2506","St. Louis, MO",94,42166,42166,42166,7454,"private","MO","St. Louis"
"Yeshiva University","www.usnews.com/best-colleges/yeshiva-university-2903","New York, NY",94,42000,42000,42000,2714,"private","NY","New York"
"Rochester Institute of Technology","www.usnews.com/best-colleges/rit-2806","Rochester, NY",97,40068,40068,40068,12410,"private","NY","Rochester"
"Stony Brook University--SUNY","www.usnews.com/best-colleges/stony-brook-suny-2838","Stony Brook, NY",97,26297,9257,26297,17026,"state","NY","Stony Brook"
"SUNY College of Environmental Science and Forestry","www.usnews.com/best-colleges/suny-environmental-science-and-forestry-2851","Syracuse, NY",97,18090,8240,18090,1755,"state","NY","Syracuse"
"University at Buffalo--SUNY","www.usnews.com/best-colleges/ub-9554","Buffalo, NY",97,26270,9770,26270,20411,"state","NY","Buffalo"
"University of Oklahoma","www.usnews.com/best-colleges/university-of-oklahoma-3184","Norman, OK",97,24443,9062,24443,22436,"state","OK","Norman"
"University of Vermont","www.usnews.com/best-colleges/university-of-vermont-3696","Burlington, VT",97,41356,17740,41356,11159,"state","VT","Burlington"
"Auburn University","www.usnews.com/best-colleges/auburn-university-1009","Auburn, AL",103,29640,10968,29640,22658,"state","AL","Auburn"
"Illinois Institute of Technology","www.usnews.com/best-colleges/iit-1691","Chicago, IL",103,45864,45864,45864,2944,"private","IL","Chicago"
"Loyola University Chicago","www.usnews.com/best-colleges/loyola-chicago-1710","Chicago, IL",103,42828,42828,42828,11129,"private","IL","Chicago"
"University of New Hampshire","www.usnews.com/best-colleges/university-of-new-hampshire-2589","Durham, NH",103,32637,18067,32637,12871,"state","NH","Durham"
"University of Oregon","www.usnews.com/best-colleges/university-of-oregon-3223","Eugene, OR",103,34611,11571,34611,20049,"state","OR","Eugene"
"University of South Carolina","www.usnews.com/best-colleges/university-of-south-carolina-3448","Columbia, SC",103,32362,12262,32362,25556,"state","SC","Columbia"
"University of Tennessee","www.usnews.com/best-colleges/university-of-tennessee-3530","Knoxville, TN",103,31160,12970,31160,22139,"state","TN","Knoxville"
"Howard University","www.usnews.com/best-colleges/howard-university-1448","Washington, DC",110,25697,25697,25697,5899,"private","DC","Washington"
"University of Alabama","www.usnews.com/best-colleges/university-of-alabama-1051","Tuscaloosa, AL",110,28100,10780,28100,32563,"state","AL","Tuscaloosa"
"University of San Francisco","www.usnews.com/best-colleges/university-san-francisco-1325","San Francisco, CA",110,46250,46250,46250,6745,"private","CA","San Francisco"
"University of the Pacific","www.usnews.com/best-colleges/university-of-the-pacific-1329","Stockton, CA",110,46346,46346,46346,3483,"private","CA","Stockton"
"University of Utah","www.usnews.com/best-colleges/university-of-utah-3675","Salt Lake City, UT",110,26408,9166,26408,23789,"state","UT","Salt Lake City"
"Arizona State University--Tempe","www.usnews.com/best-colleges/asu-1081","Tempe, AZ",115,27372,10792,27372,42477,"state","AZ","Tempe"
"Iowa State University","www.usnews.com/best-colleges/iowa-state-university-1869","Ames, IA",115,22256,8420,22256,30671,"state","IA","Ames"
"Temple University","www.usnews.com/best-colleges/temple-university-3371","Philadelphia, PA",115,27266,16274,27266,29275,"state","PA","Philadelphia"
"University of Kansas","www.usnews.com/best-colleges/ku-1948","Lawrence, KS",115,26592,10824,26592,19262,"state","KS","Lawrence"
"University of St. Thomas","www.usnews.com/best-colleges/university-of-st-thomas-minnesota-2345","St. Paul, MN",115,41133,41133,41133,6111,"private","MN","St. Paul"
"The Catholic University of America","www.usnews.com/best-colleges/catholic-university-1437","Washington, DC",120,44060,44060,44060,3241,"private","DC","Washington"
"DePaul University","www.usnews.com/best-colleges/depaul-university-1671","Chicago, IL",120,39010,39010,39010,15407,"private","IL","Chicago"
"Duquesne University","www.usnews.com/best-colleges/duquesne-university-3258","Pittsburgh, PA",120,36394,36394,36394,6039,"private","PA","Pittsburgh"
"University of Missouri","www.usnews.com/best-colleges/university-of-missouri-2516","Columbia, MO",120,26506,9817,26506,25898,"state","MO","Columbia"
"Clarkson University","www.usnews.com/best-colleges/clarkson-university-2699","Potsdam, NY",124,47950,47950,47950,3268,"private","NY","Potsdam"
"Colorado State University","www.usnews.com/best-colleges/colorado-state-university-1350","Fort Collins, CO",124,29140,11632,29140,25177,"state","CO","Fort Collins"
"Michigan Technological University","www.usnews.com/best-colleges/michigan-tech-2292","Houghton, MI",124,32318,15074,32318,5829,"state","MI","Houghton"
"Seton Hall University","www.usnews.com/best-colleges/seton-hall-university-new-jersey-2632","South Orange, NJ",124,40588,40588,40588,5956,"private","NJ","South Orange"
"University of Arizona","www.usnews.com/best-colleges/university-of-arizona-1083","Tucson, AZ",124,32449,11644,32449,34072,"state","AZ","Tucson"
"University of California--Riverside","www.usnews.com/best-colleges/ucr-1316","Riverside, CA",124,41931,13917,41931,19799,"state","CA","Riverside"
"University of Dayton","www.usnews.com/best-colleges/university-of-dayton-3127","Dayton, OH",124,41750,41750,41750,8330,"private","OH","Dayton"
"University of Nebraska--Lincoln","www.usnews.com/best-colleges/university-of-nebraska-2565","Lincoln, NE",124,23256,8690,23256,20833,"state","NE","Lincoln"
"Hofstra University","www.usnews.com/best-colleges/hofstra-university-2732","Hempstead, NY",132,43960,43960,43960,6899,"private","NY","Hempstead"
"Louisiana State University--Baton Rouge","www.usnews.com/best-colleges/lsu-baton-rouge-2010","Baton Rouge, LA",133,28051,11374,28051,26118,"state","LA","Baton Rouge"
"Mercer University","www.usnews.com/best-colleges/mercer-university-1580","Macon, GA",133,36000,36000,36000,4706,"private","GA","Macon"
"The New School","www.usnews.com/best-colleges/new-school-20662","New York, NY",133,47330,47330,47330,7014,"private","NY","New York"
"Rutgers University--Newark","www.usnews.com/best-colleges/rutgers-newark-2631","Newark, NJ",133,29480,13829,29480,8170,"state","NJ","Newark"
"University of Arkansas","www.usnews.com/best-colleges/university-of-arkansas-1108","Fayetteville, AR",133,24308,9062,24308,22548,"state","AR","Fayetteville"
"University of Cincinnati","www.usnews.com/best-colleges/university-of-cincinnati-3125","Cincinnati, OH",133,26334,11000,26334,25860,"state","OH","Cincinnati"
"University of Kentucky","www.usnews.com/best-colleges/university-of-kentucky-1989","Lexington, KY",133,28046,11922,28046,22621,"state","KY","Lexington"
"George Mason University","www.usnews.com/best-colleges/gmu-3749","Fairfax, VA",140,34370,11924,34370,23812,"state","VA","Fairfax"
"New Jersey Institute of Technology","www.usnews.com/best-colleges/njit-2621","Newark, NJ",140,31034,16430,31034,8211,"state","NJ","Newark"
"San Diego State University","www.usnews.com/best-colleges/sdsu-1151","San Diego, CA",140,19340,7460,19340,29853,"state","CA","San Diego"
"University of South Florida","www.usnews.com/best-colleges/usf-1537","Tampa, FL",140,17324,6410,17324,31461,"state","FL","Tampa"
"Washington State University","www.usnews.com/best-colleges/washington-state-3800","Pullman, WA",140,25817,11391,25817,24904,"state","WA","Pullman"
"Kansas State University","www.usnews.com/best-colleges/ksu-1928","Manhattan, KS",145,24775,9874,24775,19472,"state","KS","Manhattan"
"Oregon State University","www.usnews.com/best-colleges/oregon-state-3210","Corvallis, OR",145,29457,10797,29457,25327,"state","OR","Corvallis"
"St. John Fisher College","www.usnews.com/best-colleges/st-john-fisher-college-2821","Rochester, NY",145,33120,33120,33120,2786,"private","NY","Rochester"
"University of Illinois--Chicago","www.usnews.com/best-colleges/uic-1776","Chicago, IL",145,27672,14816,27672,17959,"state","IL","Chicago"
"University of Mississippi","www.usnews.com/best-colleges/university-of-mississippi-2440","University, MS",145,23554,8290,23554,19213,"state","MS","University"
"University of Texas--Dallas","www.usnews.com/best-colleges/university-of-texas-dallas-9741","Richardson, TX",145,33654,12162,33654,17350,"state","TX","Richardson"
"Adelphi University","www.usnews.com/best-colleges/adelphi-university-2666","Garden City, NY",151,37170,37170,37170,5205,"private","NY","Garden City"
"Florida Institute of Technology","www.usnews.com/best-colleges/florida-tech-1469","Melbourne, FL",151,41240,41240,41240,3629,"private","FL","Melbourne"
"Ohio University","www.usnews.com/best-colleges/ohio-university-3100","Athens, OH",151,21360,11896,21360,23788,"state","OH","Athens"
"Seattle Pacific University","www.usnews.com/best-colleges/seattle-pacific-university-3788","Seattle, WA",151,40893,40893,40893,3095,"private","WA","Seattle"
"University at Albany--SUNY","www.usnews.com/best-colleges/suny-albany-2835","Albany, NY",151,24358,9278,24358,13139,"state","NY","Albany"
"Oklahoma State University","www.usnews.com/best-colleges/oklahoma-state-3170","Stillwater, OK",156,23776,8738,23776,21093,"state","OK","Stillwater"
"University of Massachusetts--Lowell","www.usnews.com/best-colleges/umass-lowell-2161","Lowell, MA",156,31865,14800,31865,13639,"state","MA","Lowell"
"University of Rhode Island","www.usnews.com/best-colleges/university-of-rhode-island-3414","Kingston, RI",156,28874,12884,28874,14801,"state","RI","Kingston"
"Biola University","www.usnews.com/best-colleges/biola-university-1122","La Mirada, CA",159,38448,38448,38448,4091,"private","CA","La Mirada"
"Illinois State University","www.usnews.com/best-colleges/illinois-state-university-1692","Normal, IL",159,25168,14061,25168,18643,"state","IL","Normal"
"University of Alabama--Birmingham","www.usnews.com/best-colleges/uab-1052","Birmingham, AL",159,23790,10410,23790,12369,"state","AL","Birmingham"
"University of Hawaii--Manoa","www.usnews.com/best-colleges/university-of-hawaii-1610","Honolulu, HI",159,33764,11732,33764,13132,"state","HI","Honolulu"
"University of La Verne","www.usnews.com/best-colleges/la-verne-1216","La Verne, CA",159,41450,41450,41450,2809,"private","CA","La Verne"
"University of Maryland--Baltimore County","www.usnews.com/best-colleges/umbc-2105","Baltimore, MD",159,25654,11518,25654,11142,"state","MD","Baltimore"
"Immaculata University","www.usnews.com/best-colleges/immaculata-university-3276","Immaculata, PA",165,27350,27350,27350,1555,"private","PA","Immaculata"
"Maryville University of St. Louis","www.usnews.com/best-colleges/maryville-saint-louis-2482","St Louis, MO",165,28470,28470,28470,2967,"private","MO","St Louis"
"Missouri University of Science &amp; Technology","www.usnews.com/best-colleges/missouri-university-science-2517","Rolla, MO",165,27701,9628,27701,6909,"state","MO","Rolla"
"St. John's University","www.usnews.com/best-colleges/st-johns-university-new-york-2823","Queens, NY",165,40790,40790,40790,16440,"private","NY","Queens"
"University of California--Merced","www.usnews.com/best-colleges/university-of-california-merced-4127","Merced, CA",165,41612,13598,41612,6815,"state","CA","Merced"
"University of Louisville","www.usnews.com/best-colleges/university-of-louisville-1999","Louisville, KY",165,26286,11264,26286,15827,"state","KY","Louisville"
"Mississippi State University","www.usnews.com/best-colleges/mississippi-state-2423","Mississippi State, MS",171,22358,8138,22358,18090,"state","MS","Mississippi State"
"Rowan University","www.usnews.com/best-colleges/rowan-university-2609","Glassboro, NJ",171,21378,13108,21378,14344,"state","NJ","Glassboro"
"University of Central Florida","www.usnews.com/best-colleges/ucf-3954","Orlando, FL",171,22467,6368,22467,55776,"state","FL","Orlando"
"University of Idaho","www.usnews.com/best-colleges/university-of-idaho-1626","Moscow, ID",171,23812,7488,23812,9586,"state","ID","Moscow"
"Virginia Commonwealth University","www.usnews.com/best-colleges/vcu-3735","Richmond, VA",171,32942,13570,32942,24212,"state","VA","Richmond"
"Kent State University","www.usnews.com/best-colleges/kent-state-university-3051","Kent, OH",176,18376,10012,18376,23684,"state","OH","Kent"
"Robert Morris University","www.usnews.com/best-colleges/robert-morris-university-pennsylvania-3359","Moon Township, PA",176,29420,29420,29420,4384,"private","PA","Moon Township"
"Texas Tech University","www.usnews.com/best-colleges/texas-tech-university-3644","Lubbock, TX",176,23011,10771,23011,29963,"state","TX","Lubbock"
"Union University","www.usnews.com/best-colleges/union-university-3528","Jackson, TN",176,31580,31580,31580,2214,"private","TN","Jackson"
"University of Hartford","www.usnews.com/best-colleges/university-of-hartford-1422","West Hartford, CT",176,38910,38910,38910,5150,"private","CT","West Hartford"
"Edgewood College","www.usnews.com/best-colleges/edgewood-college-3848","Madison, WI",181,28500,28500,28500,1661,"private","WI","Madison"
"Lesley University","www.usnews.com/best-colleges/lesley-university-2160","Cambridge, MA",181,26550,26550,26550,1929,"private","MA","Cambridge"
"Lipscomb University","www.usnews.com/best-colleges/lipscomb-3486","Nashville, TN",181,30932,30932,30932,2986,"private","TN","Nashville"
"Suffolk University","www.usnews.com/best-colleges/suffolk-university-2218","Boston, MA",181,37270,37270,37270,5290,"private","MA","Boston"
"University of Maine","www.usnews.com/best-colleges/university-of-maine-2053","Orono, ME",181,30282,10902,30282,9323,"state","ME","Orono"
"University of Wyoming","www.usnews.com/best-colleges/university-of-wyoming-3932","Laramie, WY",181,16827,5217,16827,9788,"state","WY","Laramie"
"Azusa Pacific University","www.usnews.com/best-colleges/azusa-pacific-1117","Azusa, CA",187,36120,36120,36120,5770,"private","CA","Azusa"
"Ball State University","www.usnews.com/best-colleges/ball-state-1786","Muncie, IN",187,25938,9848,25938,17011,"state","IN","Muncie"
"Montclair State University","www.usnews.com/best-colleges/montclair-state-university-2617","Montclair, NJ",187,20566,12454,20566,16810,"state","NJ","Montclair"
"Pace University","www.usnews.com/best-colleges/pace-university-2791","New York, NY",187,44036,44036,44036,8914,"private","NY","New York"
"West Virginia University","www.usnews.com/best-colleges/wvu-3827","Morgantown, WV",187,23616,8376,23616,22350,"state","WV","Morgantown"
"Andrews University","www.usnews.com/best-colleges/andrews-university-2238","Berrien Springs, MI",192,28436,28436,28436,1688,"private","MI","Berrien Springs"
"Indiana University-Purdue University--Indianapolis","www.usnews.com/best-colleges/iupui-1813","Indianapolis, IN",192,29806,9334,29806,21748,"state","IN","Indianapolis"
"University of Houston","www.usnews.com/best-colleges/university-of-houston-3652","Houston, TX",192,27337,11887,27337,35871,"state","TX","Houston"
"University of New Mexico","www.usnews.com/best-colleges/university-of-new-mexico-10313","Albuquerque, NM",192,22412,7150,22412,20215,"state","NM","Albuquerque"
"University of North Dakota","www.usnews.com/best-colleges/university-of-north-dakota-3005","Grand Forks, ND",192,21462,9862,21462,11255,"state","ND","Grand Forks"
"Widener University","www.usnews.com/best-colleges/widener-university-3313","Chester, PA",192,44166,44166,44166,3591,"private","PA","Chester"
"New Mexico State University","www.usnews.com/best-colleges/new-mexico-state-university-2657","Las Cruces, NM",198,22701,7122,22701,12027,"state","NM","Las Cruces"
"North Dakota State University","www.usnews.com/best-colleges/north-dakota-state-9265","Fargo, ND",198,20571,9409,20571,12010,"state","ND","Fargo"
"Nova Southeastern University","www.usnews.com/best-colleges/nova-1509","Ft. Lauderdale, FL",198,29940,29940,29940,4295,"private","FL","Ft. Lauderdale"
"University of North Carolina--Charlotte","www.usnews.com/best-colleges/unc-charlotte-2975","Charlotte, NC",198,20268,6834,20268,23404,"state","NC","Charlotte"
"Bowling Green State University","www.usnews.com/best-colleges/bowling-green-state-university-3018","Bowling Green, OH",202,18593,11057,18593,14852,"state","OH","Bowling Green"
"California State University--Fullerton","www.usnews.com/best-colleges/cal-state-fullerton-1137","Fullerton, CA",202,17460,6850,17460,34576,"state","CA","Fullerton"
"Dallas Baptist University","www.usnews.com/best-colleges/dallas-baptist-university-3560","Dallas, TX",202,27480,27480,27480,3223,"private","TX","Dallas"
"University of Massachusetts--Boston","www.usnews.com/best-colleges/umass-boston-2222","Boston, MA",202,32985,13828,32985,12847,"state","MA","Boston"
"University of Nevada--Reno","www.usnews.com/best-colleges/university-of-nevada-2568","Reno, NV",202,21787,7599,21787,18191,"state","NV","Reno"
"Central Michigan University","www.usnews.com/best-colleges/central-michigan-university-2243","Mount Pleasant, MI",207,23670,12510,23670,19923,"state","MI","Mount Pleasant"
"East Carolina University","www.usnews.com/best-colleges/east-carolina-university-2923","Greenville, NC",207,23420,7143,23420,22969,"state","NC","Greenville"
"Florida A&amp;M University","www.usnews.com/best-colleges/famu-1480","Tallahassee, FL",207,17725,5785,17725,7769,"state","FL","Tallahassee"
"Montana State University","www.usnews.com/best-colleges/montana-state-2532","Bozeman, MT",207,23042,7031,23042,14400,"state","MT","Bozeman"
"University of Alaska--Fairbanks","www.usnews.com/best-colleges/alaska-fairbanks-1063","Fairbanks, AK",207,23534,8144,23534,7239,"state","AK","Fairbanks"
"University of Colorado--Denver","www.usnews.com/best-colleges/university-of-colorado-denver-6740","Denver, CO",207,31209,11019,31209,14622,"state","CO","Denver"
"University of Massachusetts--Dartmouth","www.usnews.com/best-colleges/umass-dartmouth-2210","North Dartmouth, MA",207,28285,13571,28285,6999,"state","MA","North Dartmouth"
"University of Montana","www.usnews.com/best-colleges/university-of-montana-2536","Missoula, MT",207,24943,7063,24943,10077,"state","MT","Missoula"
"Western Michigan University","www.usnews.com/best-colleges/western-michigan-university-2330","Kalamazoo, MI",207,14699,11943,14699,18313,"state","MI","Kalamazoo"
"Florida International University","www.usnews.com/best-colleges/fiu-9635","Miami, FL",216,18956,6558,18956,45813,"state","FL","Miami"
"Louisiana Tech University","www.usnews.com/best-colleges/la-tech-2008","Ruston, LA",216,18438,9525,18438,11281,"state","LA","Ruston"
"South Dakota State University","www.usnews.com/best-colleges/south-dakota-state-3471","Brookings, SD",216,11403,8172,11403,10959,"state","SD","Brookings"
"Southern Illinois University--Carbondale","www.usnews.com/best-colleges/southern-illinois-carbondale-1758","Carbondale, IL",216,13936,13936,13936,12182,"state","IL","Carbondale"
"University of Alabama--Huntsville","www.usnews.com/best-colleges/uah-1055","Huntsville, AL",216,21480,10280,21480,6507,"state","AL","Huntsville"
"University of Missouri--Kansas City","www.usnews.com/best-colleges/umkc-2518","Kansas City, MO",216,25999,9734,25999,11708,"state","MO","Kansas City"
"Utah State University","www.usnews.com/best-colleges/utah-state-3677","Logan, UT",216,20726,7174,20726,24838,"state","UT","Logan"
"Ashland University","www.usnews.com/best-colleges/ashland-university-3012","Ashland, OH",223,20700,20700,20700,4536,"private","OH","Ashland"
"Benedictine University","www.usnews.com/best-colleges/benedictine-university-1767","Lisle, IL",223,33900,33900,33900,3171,"private","IL","Lisle"
"California State University--Fresno","www.usnews.com/best-colleges/csu-fresno-1147","Fresno, CA",223,17929,6583,17929,21528,"state","CA","Fresno"
"Gardner-Webb University","www.usnews.com/best-colleges/gardner-webb-2929","Boiling Springs, NC",223,30740,30740,30740,2362,"private","NC","Boiling Springs"
"Georgia State University","www.usnews.com/best-colleges/georgia-state-1574","Atlanta, GA",223,29432,10858,29432,25455,"state","GA","Atlanta"
"Shenandoah University","www.usnews.com/best-colleges/shenandoah-university-3737","Winchester, VA",223,31920,31920,31920,2099,"private","VA","Winchester"
"University of South Dakota","www.usnews.com/best-colleges/university-of-south-dakota-10300","Vermillion, SD",223,11688,8457,11688,7500,"state","SD","Vermillion"
"Wayne State University","www.usnews.com/best-colleges/wayne-state-2329","Detroit, MI",223,28590,13278,28590,17280,"state","MI","Detroit"
