"","name","rank","tuition","roomboard","app_deadline","school_type","founded","religion","salary","tuition.year","rmb","rmb.year"
"1","Princeton University",1,47140,"$15,610 (2017-18)","Jan. 1","Private, Coed",1746,"N/A",66700,"(2017-18)",15610,"(2017-18)"
"2","Harvard University",2,48949,"$16,660 (2017-18)","Jan. 1","Private, Coed",1636,"N/A",63100,"(2017-18)",16660,"(2017-18)"
"3","University of Chicago",3,54825,"$15,726 (2017-18)","Jan. 1","Private, Coed",1890,"N/A",54400,"(2017-18)",15726,"(2017-18)"
"4","Yale University",3,51400,"$15,500 (2017-18)","Jan. 1","Private, Coed",1701,"N/A",60200,"(2017-18)",15500,"(2017-18)"
"5","Columbia University",5,57208,"$13,618 (2017-18)","Jan. 1","Private, Coed",1754,"N/A",62200,"(2017-18)",13618,"(2017-18)"
"6","Massachusetts Institute of Technology",5,49892,"$14,720 (2017-18)","Jan. 1","Private, Coed",1861,"N/A",76900,"(2017-18)",14720,"(2017-18)"
"7","Stanford University",5,49617,"$15,112 (2017-18)","Jan. 3","Private, Coed",1885,"N/A",70300,"(2017-18)",15112,"(2017-18)"
"8","University of Pennsylvania",8,53534,"$15,066 (2017-18)","Jan. 5","Private, Coed",1740,"N/A",65000,"(2017-18)",15066,"(2017-18)"
"9","Duke University",9,53744,"$15,500 (2017-18)","Jan. 3","Private, Coed",1838,"N/A",62700,"(2017-18)",15500,"(2017-18)"
"10","California Institute of Technology",10,49908,"$14,796 (2017-18)","Jan. 3","Private, Coed",1891,"N/A",78400,"(2017-18)",14796,"(2017-18)"
"11","Dartmouth College",11,52950,"$15,159 (2017-18)","Jan. 1","Private, Coed",1769,"N/A",61700,"(2017-18)",15159,"(2017-18)"
"12","Johns Hopkins University",11,52170,"$15,410 (2017-18)","Jan. 1","Private, Coed",1876,"N/A",61600,"(2017-18)",15410,"(2017-18)"
"13","Northwestern University",11,52678,"$16,047 (2017-18)","Jan. 1","Private, Coed",1851,"N/A",56400,"(2017-18)",16047,"(2017-18)"
"14","Brown University",14,53419,"$14,020 (2017-18)","Jan. 1","Private, Coed",1764,"N/A",57500,"(2017-18)",14020,"(2017-18)"
"15","Cornell University",14,52853,"$14,380 (2017-18)","Jan. 1","Private, Coed",1865,"N/A",63100,"(2017-18)",14380,"(2017-18)"
"16","Rice University",14,45608,"$13,850 (2017-18)","Jan. 1","Private, Coed",1912,"N/A",63300,"(2017-18)",13850,"(2017-18)"
"17","Vanderbilt University",14,47664,"$15,584 (2017-18)","Jan. 1","Private, Coed",1873,"N/A",58000,"(2017-18)",15584,"(2017-18)"
"18","University of Notre Dame",18,51505,"$14,890 (2017-18)","Jan. 1","Private, Coed",1842,"Roman Catholic",60400,"(2017-18)",14890,"(2017-18)"
"19","Washington University in St. Louis",18,51533,"$16,006 (2017-18)","Jan. 2","Private, Coed",1853,"N/A",57300,"(2017-18)",16006,"(2017-18)"
"20","Georgetown University",20,52300,"$16,036 (2017-18)","Jan. 10","Private, Coed",1789,"Roman Catholic",57800,"(2017-18)",16036,"(2017-18)"
"21","Emory University",21,49392,"$13,894 (2017-18)","Jan. 1","Private, Coed",1836,"United Methodist",54600,"(2017-18)",13894,"(2017-18)"
"22","University of California--Berkeley",21,14098,"$17,274 (2017-18)","Nov. 30","Public, Coed",1868,"N/A",61800,"(2017-18)",17274,"(2017-18)"
"23","University of California--Berkeley",21,42112,"$17,274 (2017-18)","Nov. 30","Public, Coed",1868,"N/A",61800,"(2017-18)",17274,"(2017-18)"
"24","University of California--Los Angeles",21,13256,"$15,441 (2017-18)","Nov. 30","Public, Coed",1919,"N/A",55000,"(2017-18)",15441,"(2017-18)"
"25","University of California--Los Angeles",21,41270,"$15,441 (2017-18)","Nov. 30","Public, Coed",1919,"N/A",55000,"(2017-18)",15441,"(2017-18)"
"26","University of Southern California",21,54259,"$14,885 (2017-18)","Jan. 15","Private, Coed",1880,"N/A",56700,"(2017-18)",14885,"(2017-18)"
"27","Carnegie Mellon University",25,53910,"$13,784 (2017-18)","Jan. 1","Private, Coed",1900,"N/A",69700,"(2017-18)",13784,"(2017-18)"
"28","University of Virginia",25,16146,"$11,220 (2017-18)","Jan. 1","Public, Coed",1819,"N/A",57000,"(2017-18)",11220,"(2017-18)"
"29","University of Virginia",25,46975,"$11,220 (2017-18)","Jan. 1","Public, Coed",1819,"N/A",57000,"(2017-18)",11220,"(2017-18)"
"30","Wake Forest University",27,51400,"$15,354 (2017-18)","Jan. 1","Private, Coed",1834,"N/A",52800,"(2017-18)",15354,"(2017-18)"
"31","University of Michigan--Ann Arbor",28,14826,"$11,198 (2017-18)","Feb. 1","Public, Coed",1817,"N/A",58400,"(2017-18)",11198,"(2017-18)"
"32","University of Michigan--Ann Arbor",28,47476,"$11,198 (2017-18)","Feb. 1","Public, Coed",1817,"N/A",58400,"(2017-18)",11198,"(2017-18)"
"33","Tufts University",29,54318,"$14,054 (2017-18)","Jan. 1","Private, Coed",1852,"N/A",56700,"(2017-18)",14054,"(2017-18)"
"34","New York University",30,50464,"$17,664 (2017-18)","Jan. 1","Private, Coed",1831,"N/A",54400,"(2017-18)",17664,"(2017-18)"
"35","University of North Carolina--Chapel Hill",30,9005,"$11,556 (2017-18)","Jan. 15","Public, Coed",1789,"N/A",47600,"(2017-18)",11556,"(2017-18)"
"36","University of North Carolina--Chapel Hill",30,34588,"$11,556 (2017-18)","Jan. 15","Public, Coed",1789,"N/A",47600,"(2017-18)",11556,"(2017-18)"
"37","Boston College",32,53346,"$14,142 (2017-18)","Jan. 1","Private, Coed",1863,"
                    ",56100,"(2017-18)",14142,"(2017-18)"
"38","Boston College",32,53346,"$14,142 (2017-18)","Jan. 1","Private, Coed",1863,"Roman Catholic",56100,"(2017-18)",14142,"(2017-18)"
"39","College of William &amp; Mary",32,20287,"$11,799 (2017-18)","Jan. 1","Public, Coed",1693,"N/A",50500,"(2017-18)",11799,"(2017-18)"
"40","College of William &amp; Mary",32,43099,"$11,799 (2017-18)","Jan. 1","Public, Coed",1693,"N/A",50500,"(2017-18)",11799,"(2017-18)"
"41","Brandeis University",34,53582,"$14,906 (2017-18)","Jan. 1","Private, Coed",1948,"N/A",50600,"(2017-18)",14906,"(2017-18)"
"42","Georgia Institute of Technology",34,12418,"$14,126 (2017-18)","Jan. 1","Public, Coed",1885,"N/A",65700,"(2017-18)",14126,"(2017-18)"
"43","Georgia Institute of Technology",34,33014,"$14,126 (2017-18)","Jan. 1","Public, Coed",1885,"N/A",65700,"(2017-18)",14126,"(2017-18)"
"44","University of Rochester",34,52020,"$15,398 (2017-18)","Jan. 5","Private, Coed",1850,"N/A",54800,"(2017-18)",15398,"(2017-18)"
"45","Boston University",37,52082,"$15,270 (2017-18)","Jan. 2","Private, Coed",1839,"N/A",52900,"(2017-18)",15270,"(2017-18)"
"46","Case Western Reserve University",37,47500,"$14,784 (2017-18)","Jan. 15","Private, Coed",1826,"N/A",61300,"(2017-18)",14784,"(2017-18)"
"47","University of California--Santa Barbara",37,14409,"$16,218 (2017-18)","Nov. 30","Public, Coed",1909,"N/A",52200,"(2017-18)",16218,"(2017-18)"
"48","University of California--Santa Barbara",37,42423,"$16,218 (2017-18)","Nov. 30","Public, Coed",1909,"N/A",52200,"(2017-18)",16218,"(2017-18)"
"49","Northeastern University",40,49497,"$16,240 (2017-18)","Jan. 1","Private, Coed",1898,"N/A",56600,"(2017-18)",16240,"(2017-18)"
"50","Tulane University",40,52960,"$14,536 (2017-18)","Jan. 15","Private, Coed",1834,"N/A",49800,"(2017-18)",14536,"(2017-18)"
"51","Rensselaer Polytechnic Institute",42,52305,"$14,960 (2017-18)","Feb. 1","Private, Coed",1824,"N/A",66000,"(2017-18)",14960,"(2017-18)"
"52","University of California--Irvine",42,15516,"$14,829 (2017-18)","Nov. 30","Public, Coed",1965,"N/A",52100,"(2017-18)",14829,"(2017-18)"
"53","University of California--Irvine",42,43530,"$14,829 (2017-18)","Nov. 30","Public, Coed",1965,"N/A",52100,"(2017-18)",14829,"(2017-18)"
"54","University of California--San Diego",42,16183,"$13,254 (2017-18)","Nov. 30","Public, Coed",1960,"N/A",55000,"(2017-18)",13254,"(2017-18)"
"55","University of California--San Diego",42,44197,"$13,254 (2017-18)","Nov. 30","Public, Coed",1960,"N/A",55000,"(2017-18)",13254,"(2017-18)"
"56","University of Florida",42,6381,"$9,910 (2017-18)","Nov. 1","Public, Coed",1853,"N/A",51000,"(2017-18)",9910,"(2017-18)"
"57","University of Florida",42,28658,"$9,910 (2017-18)","Nov. 1","Public, Coed",1853,"N/A",51000,"(2017-18)",9910,"(2017-18)"
"58","Lehigh University",46,50740,"$13,120 (2017-18)","Jan. 1","Private, Coed",1865,"N/A",63700,"(2017-18)",13120,"(2017-18)"
"59","Pepperdine University",46,51992,"$14,870 (2017-18)","Jan. 5","Private, Coed",1937,"Churches of Christ",52000,"(2017-18)",14870,"(2017-18)"
"60","University of California--Davis",46,14382,"$16,136 (2017-18)","Nov. 30","Public, Coed",1905,"N/A",54300,"(2017-18)",16136,"(2017-18)"
"61","University of California--Davis",46,42396,"$16,136 (2017-18)","Nov. 30","Public, Coed",1905,"N/A",54300,"(2017-18)",16136,"(2017-18)"
"62","University of Miami",46,48484,"$13,666 (2017-18)","Jan. 1","Private, Coed",1925,"N/A",51400,"(2017-18)",13666,"(2017-18)"
"63","University of Wisconsin--Madison",46,10533,"$10,842 (2017-18)","Feb. 1","Public, Coed",1848,"N/A",51700,"(2017-18)",10842,"(2017-18)"
"64","University of Wisconsin--Madison",46,34782,"$10,842 (2017-18)","Feb. 1","Public, Coed",1848,"N/A",51700,"(2017-18)",10842,"(2017-18)"
"65","Villanova University",46,51434,"$13,520 (2017-18)","Jan. 15","Private, Coed",1842,"Roman Catholic",60300,"(2017-18)",13520,"(2017-18)"
"66","Pennsylvania State University--University Park",52,18436,"$11,280 (2017-18)","rolling","Public, Coed",1855,"N/A",54600,"(2017-18)",11280,"(2017-18)"
"67","Pennsylvania State University--University Park",52,33664,"$11,280 (2017-18)","rolling","Public, Coed",1855,"N/A",54600,"(2017-18)",11280,"(2017-18)"
"68","University of Illinois--Urbana-Champaign",52,15868,"$11,308 (2017-18)","Dec. 1","Public, Coed",1867,"N/A",57300,"(2017-18)",11308,"(2017-18)"
"69","University of Illinois--Urbana-Champaign",52,31988,"$11,308 (2017-18)","Dec. 1","Public, Coed",1867,"N/A",57300,"(2017-18)",11308,"(2017-18)"
"70","Ohio State University--Columbus",54,10591,"$12,252 (2017-18)","Feb. 1","Public, Coed",1870,"N/A",50600,"(2017-18)",12252,"(2017-18)"
"71","Ohio State University--Columbus",54,29659,"$12,252 (2017-18)","Feb. 1","Public, Coed",1870,"N/A",50600,"(2017-18)",12252,"(2017-18)"
"72","University of Georgia",54,11818,"$10,060 (2017-18)","Jan. 1","Public, Coed",1785,"N/A",47500,"(2017-18)",10060,"(2017-18)"
"73","University of Georgia",54,30392,"$10,060 (2017-18)","Jan. 1","Public, Coed",1785,"N/A",47500,"(2017-18)",10060,"(2017-18)"
"74","George Washington University",56,53518,"$13,000 (2017-18)","Jan. 1","Private, Coed",1821,"N/A",51800,"(2017-18)",13000,"(2017-18)"
"75","Purdue University--West Lafayette",56,10002,"$10,030 (2017-18)","rolling","Public, Coed",1869,"N/A",57500,"(2017-18)",10030,"(2017-18)"
"76","Purdue University--West Lafayette",56,28804,"$10,030 (2017-18)","rolling","Public, Coed",1869,"N/A",57500,"(2017-18)",10030,"(2017-18)"
"77","University of Connecticut",56,14880,"$12,514 (2017-18)","Jan. 15","Public, Coed",1881,"N/A",54400,"(2017-18)",12514,"(2017-18)"
"78","University of Connecticut",56,36948,"$12,514 (2017-18)","Jan. 15","Public, Coed",1881,"N/A",54400,"(2017-18)",12514,"(2017-18)"
"79","University of Texas--Austin",56,10136,"$10,070 (2017-18)","Dec. 1","Public, Coed",1883,"N/A",54400,"(2017-18)",10070,"(2017-18)"
"80","University of Texas--Austin",56,35766,"$10,070 (2017-18)","Dec. 1","Public, Coed",1883,"N/A",54400,"(2017-18)",10070,"(2017-18)"
"81","University of Washington",56,10974,"$12,117 (2017-18)","Nov. 15","Public, Coed",1861,"N/A",54400,"(2017-18)",12117,"(2017-18)"
"82","University of Washington",56,35538,"$12,117 (2017-18)","Nov. 15","Public, Coed",1861,"N/A",54400,"(2017-18)",12117,"(2017-18)"
"83","Brigham Young University--Provo",61,5460,"$7,530 (2017-18)","Feb. 1","Private, Coed",1875,"
                                ",54100,"(2017-18)",7530,"(2017-18)"
"84","Fordham University",61,50601,"$17,445 (2017-18)","Jan. 9","Private, Coed",1841,"Roman Catholic",51300,"(2017-18)",17445,"(2017-18)"
"85","Southern Methodist University",61,52498,"$16,910 (2017-18)","Jan. 15","Private, Coed",1911,"N/A",52600,"(2017-18)",16910,"(2017-18)"
"86","Syracuse University",61,46755,"$15,558 (2017-18)","Jan. 1","Private, Coed",1870,"N/A",51400,"(2017-18)",15558,"(2017-18)"
"87","University of Maryland--College Park",61,10399,"$12,082 (2017-18)","Jan. 20","Public, Coed",1856,"N/A",56400,"(2017-18)",12082,"(2017-18)"
"88","University of Maryland--College Park",61,33606,"$12,082 (2017-18)","Jan. 20","Public, Coed",1856,"N/A",56400,"(2017-18)",12082,"(2017-18)"
"89","Worcester Polytechnic Institute",61,48628,"$14,218 (2017-18)","Feb. 1","Private, Coed",1865,"N/A",67300,"(2017-18)",14218,"(2017-18)"
"90","Clemson University",67,14712,"$9,592 (2017-18)","May 1","Public, Coed",1889,"N/A",53600,"(2017-18)",9592,"(2017-18)"
"91","Clemson University",67,35654,"$9,592 (2017-18)","May 1","Public, Coed",1889,"N/A",53600,"(2017-18)",9592,"(2017-18)"
"92","University of Pittsburgh",68,19080,"$10,950 (2017-18)","rolling","Public, Coed",1787,"N/A",50600,"(2017-18)",10950,"(2017-18)"
"93","University of Pittsburgh",68,30642,"$10,950 (2017-18)","rolling","Public, Coed",1787,"N/A",50600,"(2017-18)",10950,"(2017-18)"
"94","American University",69,46615,"$14,702 (2017-18)","Jan. 15","Private, Coed",1893,"N/A",47400,"(2017-18)",14702,"(2017-18)"
"95","Rutgers University--New Brunswick",69,14372,"$12,260 (2016-17)","Dec. 1","Public, Coed",1766,"N/A",53300,"(2016-17)",12260,"(2016-17)"
"96","Rutgers University--New Brunswick",69,30023,"$12,260 (2016-17)","Dec. 1","Public, Coed",1766,"N/A",53300,"(2016-17)",12260,"(2016-17)"
"97","Stevens Institute of Technology",69,50554,"$14,400 (2017-18)","Feb. 1","Private, Coed",1870,"N/A",67000,"(2017-18)",14400,"(2017-18)"
"98","Texas A&amp;M University--College Station",69,10030,"$10,368 (2017-18)","Dec. 1","Public, Coed",1876,"N/A",55800,"(2017-18)",10368,"(2017-18)"
"99","Texas A&amp;M University--College Station",69,30208,"$10,368 (2017-18)","Dec. 1","Public, Coed",1876,"N/A",55800,"(2017-18)",10368,"(2017-18)"
"100","University of Minnesota--Twin Cities",69,14417,"$9,852 (2017-18)","rolling","Public, Coed",1851,"N/A",51600,"(2017-18)",9852,"(2017-18)"
"101","University of Minnesota--Twin Cities",69,26603,"$9,852 (2017-18)","rolling","Public, Coed",1851,"N/A",51600,"(2017-18)",9852,"(2017-18)"
"102","Virginia Tech",69,12852,"$8,424 (2016-17)","Dec. 1","Public, Coed",1872,"N/A",57900,"(2016-17)",8424,"(2016-17)"
"103","Virginia Tech",69,29371,"$8,424 (2016-17)","Dec. 1","Public, Coed",1872,"N/A",57900,"(2016-17)",8424,"(2016-17)"
"104","Baylor University",75,43790,"$12,588 (2017-18)","Feb. 1","Private, Coed",1845,"N/A",50700,"(2017-18)",12588,"(2017-18)"
"105","Colorado School of Mines",75,18386,"$11,897 (2017-18)","May 1","Public, Coed",1874,"N/A",68000,"(2017-18)",11897,"(2017-18)"
"106","Colorado School of Mines",75,37436,"$11,897 (2017-18)","May 1","Public, Coed",1874,"N/A",68000,"(2017-18)",11897,"(2017-18)"
"107","University of Massachusetts--Amherst",75,15596,"$12,258 (2017-18)","Jan. 15","Public, Coed",1863,"N/A",51700,"(2017-18)",12258,"(2017-18)"
"108","University of Massachusetts--Amherst",75,33662,"$12,258 (2017-18)","Jan. 15","Public, Coed",1863,"N/A",51700,"(2017-18)",12258,"(2017-18)"
"109","Miami University--Oxford",78,14578,"$12,725 (2017-18)","Feb. 1","Public, Coed",1809,"N/A",51400,"(2017-18)",12725,"(2017-18)"
"110","Miami University--Oxford",78,32768,"$12,725 (2017-18)","Feb. 1","Public, Coed",1809,"N/A",51400,"(2017-18)",12725,"(2017-18)"
"111","Texas Christian University",78,44760,"$12,360 (2017-18)","Feb. 15","Private, Coed",1873,"
                                ",50700,"(2017-18)",12360,"(2017-18)"
"112","University of Iowa",78,8575,"$10,108 (2017-18)","May 1","Public, Coed",1847,"N/A",48100,"(2017-18)",10108,"(2017-18)"
"113","University of Iowa",78,28813,"$10,108 (2017-18)","May 1","Public, Coed",1847,"N/A",48100,"(2017-18)",10108,"(2017-18)"
"114","Clark University",81,44400,"$8,860 (2017-18)","Jan. 15","Private, Coed",1887,"N/A",43600,"(2017-18)",8860,"(2017-18)"
"115","Florida State University",81,6507,"$10,458 (2017-18)","Feb. 7","Public, Coed",1851,"N/A",44800,"(2017-18)",10458,"(2017-18)"
"116","Florida State University",81,21673,"$10,458 (2017-18)","Feb. 7","Public, Coed",1851,"N/A",44800,"(2017-18)",10458,"(2017-18)"
"117","Michigan State University",81,14460,"$9,976 (2017-18)","rolling","Public, Coed",1855,"N/A",50600,"(2017-18)",9976,"(2017-18)"
"118","Michigan State University",81,39405,"$9,976 (2017-18)","rolling","Public, Coed",1855,"N/A",50600,"(2017-18)",9976,"(2017-18)"
"119","North Carolina State University--Raleigh",81,9058,"$10,854 (2017-18)","Jan. 15","Public, Coed",1887,"N/A",52800,"(2017-18)",10854,"(2017-18)"
"120","North Carolina State University--Raleigh",81,27406,"$10,854 (2017-18)","Jan. 15","Public, Coed",1887,"N/A",52800,"(2017-18)",10854,"(2017-18)"
"121","University of California--Santa Cruz",81,14028,"$16,055 (2017-18)","Nov. 30","Public, Coed",1965,"N/A",49900,"(2017-18)",16055,"(2017-18)"
"122","University of California--Santa Cruz",81,42042,"$16,055 (2017-18)","Nov. 30","Public, Coed",1965,"N/A",49900,"(2017-18)",16055,"(2017-18)"
"123","University of Delaware",81,12830,"$12,068 (2017-18)","Jan. 15","Public, Coed",1743,"N/A",52300,"(2017-18)",12068,"(2017-18)"
"124","University of Delaware",81,32250,"$12,068 (2017-18)","Jan. 15","Public, Coed",1743,"N/A",52300,"(2017-18)",12068,"(2017-18)"
"125","Binghamton University--SUNY",87,9523,"$14,577 (2017-18)","rolling","Public, Coed",1946,"N/A",54400,"(2017-18)",14577,"(2017-18)"
"126","Binghamton University--SUNY",87,24403,"$14,577 (2017-18)","rolling","Public, Coed",1946,"N/A",54400,"(2017-18)",14577,"(2017-18)"
"127","University of Denver",87,48669,"$12,612 (2017-18)","Jan. 15","Private, Coed",1864,"N/A",48900,"(2017-18)",12612,"(2017-18)"
"128","University of Tulsa",87,39502,"$11,116 (2017-18)","rolling","Private, Coed",1894,"Presbyterian Church (USA)",52800,"(2017-18)",11116,"(2017-18)"
"129","Indiana University--Bloomington",90,10533,"$10,258 (2017-18)","rolling","Public, Coed",1820,"N/A",47900,"(2017-18)",10258,"(2017-18)"
"130","Indiana University--Bloomington",90,34845,"$10,258 (2017-18)","rolling","Public, Coed",1820,"N/A",47900,"(2017-18)",10258,"(2017-18)"
"131","Marquette University",90,39900,"$11,890 (2017-18)","Dec. 1","Private, Coed",1881,"Roman Catholic",52800,"(2017-18)",11890,"(2017-18)"
"132","University of Colorado--Boulder",90,11531,"$13,590 (2017-18)","Jan. 15","Public, Coed",1876,"N/A",51500,"(2017-18)",13590,"(2017-18)"
"133","University of Colorado--Boulder",90,35079,"$13,590 (2017-18)","Jan. 15","Public, Coed",1876,"N/A",51500,"(2017-18)",13590,"(2017-18)"
"134","University of San Diego",90,47708,"$12,630 (2017-18)","Dec. 15","Private, Coed",1949,"N/A",51300,"(2017-18)",12630,"(2017-18)"
"135","Drexel University",94,52002,"$14,367 (2017-18)","Jan. 15","Private, Coed",1891,"N/A",58000,"(2017-18)",14367,"(2017-18)"
"136","Saint Louis University",94,42166,"$10,996 (2017-18)","Aug. 20","Private, Coed",1818,"Roman Catholic",49200,"(2017-18)",10996,"(2017-18)"
"137","Yeshiva University",94,42000,"$12,000 (2017-18)","Feb. 1","Private, Coed",1886,"N/A",NA,"(2017-18)",12000,"(2017-18)"
"138","Rochester Institute of Technology",97,40068,"$12,666 (2017-18)","rolling","Private, Coed",1829,"N/A",57600,"(2017-18)",12666,"(2017-18)"
"139","Stony Brook University--SUNY",97,9257,"$13,454 (2017-18)","rolling","Public, Coed",1957,"N/A",52600,"(2017-18)",13454,"(2017-18)"
"140","Stony Brook University--SUNY",97,26297,"$13,454 (2017-18)","rolling","Public, Coed",1957,"N/A",52600,"(2017-18)",13454,"(2017-18)"
"141","SUNY College of Environmental Science and Forestry",97,8240,"$15,400 (2017-18)","rolling","Public, Coed",1911,"N/A",NA,"(2017-18)",15400,"(2017-18)"
"142","SUNY College of Environmental Science and Forestry",97,18090,"$15,400 (2017-18)","rolling","Public, Coed",1911,"N/A",NA,"(2017-18)",15400,"(2017-18)"
"143","University at Buffalo--SUNY",97,9770,"$12,292 (2017-18)","rolling","Public, Coed",1846,"N/A",49100,"(2017-18)",12292,"(2017-18)"
"144","University at Buffalo--SUNY",97,26270,"$12,292 (2017-18)","rolling","Public, Coed",1846,"N/A",49100,"(2017-18)",12292,"(2017-18)"
"145","University of Oklahoma",97,9062,"$10,588 (2017-18)","Feb. 1","Public, Coed",1890,"N/A",50300,"(2017-18)",10588,"(2017-18)"
"146","University of Oklahoma",97,24443,"$10,588 (2017-18)","Feb. 1","Public, Coed",1890,"N/A",50300,"(2017-18)",10588,"(2017-18)"
"147","University of Vermont",97,17740,"$12,022 (2017-18)","Jan. 15","Public, Coed",1791,"N/A",47700,"(2017-18)",12022,"(2017-18)"
"148","University of Vermont",97,41356,"$12,022 (2017-18)","Jan. 15","Public, Coed",1791,"N/A",47700,"(2017-18)",12022,"(2017-18)"
"149","Auburn University",103,10968,"$13,332 (2017-18)","June 1","Public, Coed",1856,"N/A",49500,"(2017-18)",13332,"(2017-18)"
"150","Auburn University",103,29640,"$13,332 (2017-18)","June 1","Public, Coed",1856,"N/A",49500,"(2017-18)",13332,"(2017-18)"
"151","Illinois Institute of Technology",103,45864,"$11,840 (2017-18)","Aug. 1","Private, Coed",1890,"N/A",60000,"(2017-18)",11840,"(2017-18)"
"152","Loyola University Chicago",103,42828,"$14,080 (2017-18)","rolling","Private, Coed",1870,"Roman Catholic",47100,"(2017-18)",14080,"(2017-18)"
"153","University of New Hampshire",103,18067,"$11,266 (2017-18)","Feb. 1","Public, Coed",1866,"N/A",48500,"(2017-18)",11266,"(2017-18)"
"154","University of New Hampshire",103,32637,"$11,266 (2017-18)","Feb. 1","Public, Coed",1866,"N/A",48500,"(2017-18)",11266,"(2017-18)"
"155","University of Oregon",103,11571,"$12,450 (2017-18)","Jan. 15","Public, Coed",1876,"N/A",45300,"(2017-18)",12450,"(2017-18)"
"156","University of Oregon",103,34611,"$12,450 (2017-18)","Jan. 15","Public, Coed",1876,"N/A",45300,"(2017-18)",12450,"(2017-18)"
"157","University of South Carolina",103,12262,"$10,008 (2017-18)","Dec. 1","Public, Coed",1801,"N/A",44800,"(2017-18)",10008,"(2017-18)"
"158","University of South Carolina",103,32362,"$10,008 (2017-18)","Dec. 1","Public, Coed",1801,"N/A",44800,"(2017-18)",10008,"(2017-18)"
"159","University of Tennessee",103,12970,"$10,696 (2017-18)","Dec. 1","Public, Coed",1794,"N/A",47000,"(2017-18)",10696,"(2017-18)"
"160","University of Tennessee",103,31160,"$10,696 (2017-18)","Dec. 1","Public, Coed",1794,"N/A",47000,"(2017-18)",10696,"(2017-18)"
"161","Howard University",110,25697,"$13,390 (2017-18)","Feb. 15","Private, Coed",1867,"N/A",51200,"(2017-18)",13390,"(2017-18)"
"162","University of Alabama",110,10780,"$9,974 (2017-18)","rolling","Public, Coed",1831,"N/A",46200,"(2017-18)",9974,"(2017-18)"
"163","University of Alabama",110,28100,"$9,974 (2017-18)","rolling","Public, Coed",1831,"N/A",46200,"(2017-18)",9974,"(2017-18)"
"164","University of San Francisco",110,46250,"$14,330 (2017-18)","Jan. 15","Private, Coed",1855,"Roman Catholic",54200,"(2017-18)",14330,"(2017-18)"
"165","University of the Pacific",110,46346,"$13,356 (2017-18)","Aug. 15","Private, Coed",1851,"N/A",53400,"(2017-18)",13356,"(2017-18)"
"166","University of Utah",110,9166,"$9,936 (2017-18)","April 1","Public, Coed",1850,"N/A",49700,"(2017-18)",9936,"(2017-18)"
"167","University of Utah",110,26408,"$9,936 (2017-18)","April 1","Public, Coed",1850,"N/A",49700,"(2017-18)",9936,"(2017-18)"
"168","Arizona State University--Tempe",115,10792,"$12,209 (2017-18)","N/A","Public, Coed",1885,"N/A",50200,"(2017-18)",12209,"(2017-18)"
"169","Arizona State University--Tempe",115,27372,"$12,209 (2017-18)","N/A","Public, Coed",1885,"N/A",50200,"(2017-18)",12209,"(2017-18)"
"170","Iowa State University",115,8420,"$8,762 (2017-18)","rolling","Public, Coed",1858,"N/A",51400,"(2017-18)",8762,"(2017-18)"
"171","Iowa State University",115,22256,"$8,762 (2017-18)","rolling","Public, Coed",1858,"N/A",51400,"(2017-18)",8762,"(2017-18)"
"172","Temple University",115,16274,"$11,478 (2017-18)","March 1","Public, Coed",1884,"N/A",46700,"(2017-18)",11478,"(2017-18)"
"173","Temple University",115,27266,"$11,478 (2017-18)","March 1","Public, Coed",1884,"N/A",46700,"(2017-18)",11478,"(2017-18)"
"174","University of Kansas",115,10824,"$10,060 (2017-18)","rolling","Public, Coed",1865,"N/A",46800,"(2017-18)",10060,"(2017-18)"
"175","University of Kansas",115,26592,"$10,060 (2017-18)","rolling","Public, Coed",1865,"N/A",46800,"(2017-18)",10060,"(2017-18)"
"176","University of St. Thomas",115,41133,"$10,054 (2017-18)","rolling","Private, Coed",1885,"Roman Catholic",50000,"(2017-18)",10054,"(2017-18)"
"177","The Catholic University of America",120,44060,"$14,316 (2017-18)","Jan. 15","Private, Coed",1887,"Roman Catholic",50500,"(2017-18)",14316,"(2017-18)"
"178","DePaul University",120,39010,"$13,797 (2017-18)","Feb. 1","Private, Coed",1898,"Roman Catholic",49400,"(2017-18)",13797,"(2017-18)"
"179","Duquesne University",120,36394,"$12,114 (2017-18)","July 1","Private, Coed",1878,"N/A",46700,"(2017-18)",12114,"(2017-18)"
"180","University of Missouri",120,9817,"$10,676 (2017-18)","rolling","Public, Coed",1839,"N/A",46200,"(2017-18)",10676,"(2017-18)"
"181","University of Missouri",120,26506,"$10,676 (2017-18)","rolling","Public, Coed",1839,"N/A",46200,"(2017-18)",10676,"(2017-18)"
"182","Clarkson University",124,47950,"$14,794 (2017-18)","Jan. 15","Private, Coed",1896,"N/A",62800,"(2017-18)",14794,"(2017-18)"
"183","Colorado State University",124,11632,"$12,208 (2017-18)","May 1","Public, Coed",1870,"N/A",49200,"(2017-18)",12208,"(2017-18)"
"184","Colorado State University",124,29140,"$12,208 (2017-18)","May 1","Public, Coed",1870,"N/A",49200,"(2017-18)",12208,"(2017-18)"
"185","Michigan Technological University",124,15074,"$10,477 (2017-18)","rolling","Public, Coed",1885,"N/A",62200,"(2017-18)",10477,"(2017-18)"
"186","Michigan Technological University",124,32318,"$10,477 (2017-18)","rolling","Public, Coed",1885,"N/A",62200,"(2017-18)",10477,"(2017-18)"
"187","Seton Hall University",124,40588,"$15,174 (2017-18)","rolling","Private, Coed",1856,"Roman Catholic",52600,"(2017-18)",15174,"(2017-18)"
"188","University of Arizona",124,11644,"$11,300 (2017-18)","May 1","Public, Coed",1885,"N/A",51500,"(2017-18)",11300,"(2017-18)"
"189","University of Arizona",124,32449,"$11,300 (2017-18)","May 1","Public, Coed",1885,"N/A",51500,"(2017-18)",11300,"(2017-18)"
"190","University of California--Riverside",124,13917,"$15,500 (2017-18)","Nov. 30","Public, Coed",1954,"N/A",48300,"(2017-18)",15500,"(2017-18)"
"191","University of California--Riverside",124,41931,"$15,500 (2017-18)","Nov. 30","Public, Coed",1954,"N/A",48300,"(2017-18)",15500,"(2017-18)"
"192","University of Dayton",124,41750,"$13,180 (2017-18)","March 1","Private, Coed",1850,"N/A",52100,"(2017-18)",13180,"(2017-18)"
"193","University of Nebraska--Lincoln",124,8690,"$11,234 (2017-18)","May 1","Public, Coed",1869,"N/A",47300,"(2017-18)",11234,"(2017-18)"
"194","University of Nebraska--Lincoln",124,23256,"$11,234 (2017-18)","May 1","Public, Coed",1869,"N/A",47300,"(2017-18)",11234,"(2017-18)"
"195","Hofstra University",132,43960,"$14,930 (2017-18)","rolling","Private, Coed",1935,"N/A",51000,"(2017-18)",14930,"(2017-18)"
"196","Louisiana State University--Baton Rouge",133,11374,"$11,750 (2017-18)","April 15","Public, Coed",1860,"N/A",49800,"(2017-18)",11750,"(2017-18)"
"197","Louisiana State University--Baton Rouge",133,28051,"$11,750 (2017-18)","April 15","Public, Coed",1860,"N/A",49800,"(2017-18)",11750,"(2017-18)"
"198","Mercer University",133,36000,"$12,153 (2017-18)","July 1","Private, Coed",1833,"N/A",47400,"(2017-18)",12153,"(2017-18)"
"199","The New School",133,47330,"$18,600 (2017-18)","Jan. 15","Private, Coed",1919,"N/A",46400,"(2017-18)",18600,"(2017-18)"
"200","Rutgers University--Newark",133,13829,"$13,059 (2016-17)","rolling","Public, Coed",1908,"N/A",54400,"(2016-17)",13059,"(2016-17)"
"201","Rutgers University--Newark",133,29480,"$13,059 (2016-17)","rolling","Public, Coed",1908,"N/A",54400,"(2016-17)",13059,"(2016-17)"
"202","University of Arkansas",133,9062,"$10,704 (2017-18)","Aug. 1","Public, Coed",1871,"N/A",47600,"(2017-18)",10704,"(2017-18)"
"203","University of Arkansas",133,24308,"$10,704 (2017-18)","Aug. 1","Public, Coed",1871,"N/A",47600,"(2017-18)",10704,"(2017-18)"
"204","University of Cincinnati",133,11000,"$11,118 (2017-18)","March 1","Public, Coed",1819,"N/A",49800,"(2017-18)",11118,"(2017-18)"
"205","University of Cincinnati",133,26334,"$11,118 (2017-18)","March 1","Public, Coed",1819,"N/A",49800,"(2017-18)",11118,"(2017-18)"
"206","University of Kentucky",133,11922,"$12,858 (2017-18)","Feb. 15","Public, Coed",1865,"N/A",46500,"(2017-18)",12858,"(2017-18)"
"207","University of Kentucky",133,28046,"$12,858 (2017-18)","Feb. 15","Public, Coed",1865,"N/A",46500,"(2017-18)",12858,"(2017-18)"
"208","George Mason University",140,11924,"$11,090 (2017-18)","Jan. 15","Public, Coed",1972,"N/A",53300,"(2017-18)",11090,"(2017-18)"
"209","George Mason University",140,34370,"$11,090 (2017-18)","Jan. 15","Public, Coed",1972,"N/A",53300,"(2017-18)",11090,"(2017-18)"
"210","New Jersey Institute of Technology",140,16430,"$13,700 (2017-18)","March 1","Public, Coed",1881,"N/A",58900,"(2017-18)",13700,"(2017-18)"
"211","New Jersey Institute of Technology",140,31034,"$13,700 (2017-18)","March 1","Public, Coed",1881,"N/A",58900,"(2017-18)",13700,"(2017-18)"
"212","San Diego State University",140,7460,"$15,966 (2017-18)","Nov. 30","Public, Coed",1897,"N/A",50000,"(2017-18)",15966,"(2017-18)"
"213","San Diego State University",140,19340,"$15,966 (2017-18)","Nov. 30","Public, Coed",1897,"N/A",50000,"(2017-18)",15966,"(2017-18)"
"214","University of South Florida",140,6410,"$9,700 (2017-18)","March 15","Public, Coed",1956,"N/A",44900,"(2017-18)",9700,"(2017-18)"
"215","University of South Florida",140,17324,"$9,700 (2017-18)","March 15","Public, Coed",1956,"N/A",44900,"(2017-18)",9700,"(2017-18)"
"216","Washington State University",140,11391,"$11,356 (2017-18)","rolling","Public, Coed",1890,"N/A",50900,"(2017-18)",11356,"(2017-18)"
"217","Washington State University",140,25817,"$11,356 (2017-18)","rolling","Public, Coed",1890,"N/A",50900,"(2017-18)",11356,"(2017-18)"
"218","Kansas State University",145,9874,"$9,150 (2016-17)","rolling","Public, Coed",1863,"N/A",48600,"(2016-17)",9150,"(2016-17)"
"219","Kansas State University",145,24775,"$9,150 (2016-17)","rolling","Public, Coed",1863,"N/A",48600,"(2016-17)",9150,"(2016-17)"
"220","Oregon State University",145,10797,"$12,540 (2017-18)","Sept. 1","Public, Coed",1868,"N/A",50600,"(2017-18)",12540,"(2017-18)"
"221","Oregon State University",145,29457,"$12,540 (2017-18)","Sept. 1","Public, Coed",1868,"N/A",50600,"(2017-18)",12540,"(2017-18)"
"222","St. John Fisher College",145,33120,"$12,150 (2017-18)","rolling","Private, Coed",1948,"Roman Catholic",42500,"(2017-18)",12150,"(2017-18)"
"223","University of Illinois--Chicago",145,14816,"$10,882 (2017-18)","Jan. 15","Public, Coed",1965,"N/A",51700,"(2017-18)",10882,"(2017-18)"
"224","University of Illinois--Chicago",145,27672,"$10,882 (2017-18)","Jan. 15","Public, Coed",1965,"N/A",51700,"(2017-18)",10882,"(2017-18)"
"225","University of Mississippi",145,8290,"$10,502 (2017-18)","rolling","Public, Coed",1844,"N/A",44500,"(2017-18)",10502,"(2017-18)"
"226","University of Mississippi",145,23554,"$10,502 (2017-18)","rolling","Public, Coed",1844,"N/A",44500,"(2017-18)",10502,"(2017-18)"
"227","University of Texas--Dallas",145,12162,"$11,112 (2017-18)","May 1","Public, Coed",1969,"N/A",51400,"(2016-17)",11112,"(2017-18)"
"228","University of Texas--Dallas",145,33654,"$11,112 (2017-18)","May 1","Public, Coed",1969,"N/A",51400,"(2016-17)",11112,"(2017-18)"
"229","Adelphi University",151,37170,"$15,120 (2017-18)","rolling","Private, Coed",1896,"N/A",50400,"(2017-18)",15120,"(2017-18)"
"230","Florida Institute of Technology",151,41240,"$12,880 (2017-18)","rolling","Private, Coed",1958,"N/A",56700,"(2017-18)",12880,"(2017-18)"
"231","Ohio University",151,11896,"$12,612 (2017-18)","Feb. 1","Public, Coed",1804,"N/A",46900,"(2017-18)",12612,"(2017-18)"
"232","Ohio University",151,21360,"$12,612 (2017-18)","Feb. 1","Public, Coed",1804,"N/A",46900,"(2017-18)",12612,"(2017-18)"
"233","Seattle Pacific University",151,40893,"$11,232 (2017-18)","Feb. 1","Private, Coed",1891,"N/A",NA,"(2017-18)",11232,"(2017-18)"
"234","University at Albany--SUNY",151,9278,"$13,464 (2017-18)","March 1","Public, Coed",1844,"N/A",47300,"(2017-18)",13464,"(2017-18)"
"235","University at Albany--SUNY",151,24358,"$13,464 (2017-18)","March 1","Public, Coed",1844,"N/A",47300,"(2017-18)",13464,"(2017-18)"
"236","Oklahoma State University",156,8738,"$8,558 (2017-18)","rolling","Public, Coed",1890,"N/A",47700,"(2017-18)",8558,"(2017-18)"
"237","Oklahoma State University",156,23776,"$8,558 (2017-18)","rolling","Public, Coed",1890,"N/A",47700,"(2017-18)",8558,"(2017-18)"
"238","University of Massachusetts--Lowell",156,14800,"$12,073 (2016-17)","Feb. 1","Public, Coed",1894,"N/A",53900,"(2017-18)",12073,"(2016-17)"
"239","University of Massachusetts--Lowell",156,31865,"$12,073 (2016-17)","Feb. 1","Public, Coed",1894,"N/A",53900,"(2017-18)",12073,"(2016-17)"
"240","University of Rhode Island",156,12884,"$12,022 (2017-18)","Feb. 1","Public, Coed",1892,"N/A",50000,"(2017-18)",12022,"(2017-18)"
"241","University of Rhode Island",156,28874,"$12,022 (2017-18)","Feb. 1","Public, Coed",1892,"N/A",50000,"(2017-18)",12022,"(2017-18)"
"242","Biola University",159,38448,"$10,238 (2017-18)","rolling","Private, Coed",1908,"Multiple Protestant Denomination",43500,"(2017-18)",10238,"(2017-18)"
"243","Illinois State University",159,14061,"$9,948 (2017-18)","N/A","Public, Coed",1857,"N/A",45900,"(2017-18)",9948,"(2017-18)"
"244","Illinois State University",159,25168,"$9,948 (2017-18)","N/A","Public, Coed",1857,"N/A",45900,"(2017-18)",9948,"(2017-18)"
"245","University of Alabama--Birmingham",159,10410,"$11,682 (2017-18)","rolling","Public, Coed",1969,"N/A",44800,"(2017-18)",11682,"(2017-18)"
"246","University of Alabama--Birmingham",159,23790,"$11,682 (2017-18)","rolling","Public, Coed",1969,"N/A",44800,"(2017-18)",11682,"(2017-18)"
"247","University of Hawaii--Manoa",159,11732,"$13,030 (2016-17)","March 1","Public, Coed",1907,"N/A",45900,"(2016-17)",13030,"(2016-17)"
"248","University of Hawaii--Manoa",159,33764,"$13,030 (2016-17)","March 1","Public, Coed",1907,"N/A",45900,"(2016-17)",13030,"(2016-17)"
"249","University of La Verne",159,41450,"$13,140 (2017-18)","rolling","Private, Coed",1891,"N/A",46200,"(2017-18)",13140,"(2017-18)"
"250","University of Maryland--Baltimore County",159,11518,"$11,836 (2017-18)","Feb. 1","Public, Coed",1966,"N/A",53600,"(2017-18)",11836,"(2017-18)"
"251","University of Maryland--Baltimore County",159,25654,"$11,836 (2017-18)","Feb. 1","Public, Coed",1966,"N/A",53600,"(2017-18)",11836,"(2017-18)"
"252","Immaculata University",165,27350,"$12,620 (2017-18)","rolling","Private, Coed",1920,"Roman Catholic",45500,"(2017-18)",12620,"(2017-18)"
"253","Maryville University of St. Louis",165,28470,"$10,088 (2017-18)","Aug. 15","Private, Coed",1872,"N/A",45000,"(2017-18)",10088,"(2017-18)"
"254","Missouri University of Science &amp; Technology",165,9628,"$9,935 (2016-17)","July 1","Public, Coed",1870,"N/A",64900,"(2016-17)",9935,"(2016-17)"
"255","Missouri University of Science &amp; Technology",165,27701,"$9,935 (2016-17)","July 1","Public, Coed",1870,"N/A",64900,"(2017-18)",9935,"(2016-17)"
"256","St. John's University",165,40790,"$17,020 (2017-18)","rolling","Private, Coed",1870,"Roman Catholic",50300,"(2017-18)",17020,"(2017-18)"
"257","University of California--Merced",165,13598,"$15,923 (2017-18)","Nov. 30","Public, Coed",2005,"N/A",NA,"(2017-18)",15923,"(2017-18)"
"258","University of California--Merced",165,41612,"$15,923 (2017-18)","Nov. 30","Public, Coed",2005,"N/A",NA,"(2017-18)",15923,"(2017-18)"
"259","University of Louisville",165,11264,"$8,700 (2017-18)","Aug. 21","Public, Coed",1798,"N/A",45100,"(2017-18)",8700,"(2017-18)"
"260","University of Louisville",165,26286,"$8,700 (2017-18)","Aug. 21","Public, Coed",1798,"N/A",45100,"(2017-18)",8700,"(2017-18)"
"261","Mississippi State University",171,8138,"$9,614 (2017-18)","rolling","Public, Coed",1878,"N/A",47500,"(2017-18)",9614,"(2017-18)"
"262","Mississippi State University",171,22358,"$9,614 (2017-18)","rolling","Public, Coed",1878,"N/A",47500,"(2017-18)",9614,"(2017-18)"
"263","Rowan University",171,13108,"$11,948 (2017-18)","March 1","Public, Coed",1923,"N/A",47000,"(2017-18)",11948,"(2017-18)"
"264","Rowan University",171,21378,"$11,948 (2017-18)","March 1","Public, Coed",1923,"N/A",47000,"(2017-18)",11948,"(2017-18)"
"265","University of Central Florida",171,6368,"$10,011 (2017-18)","May 1","Public, Coed",1963,"N/A",45200,"(2017-18)",10011,"(2017-18)"
"266","University of Central Florida",171,22467,"$10,011 (2017-18)","May 1","Public, Coed",1963,"N/A",45200,"(2017-18)",10011,"(2017-18)"
"267","University of Idaho",171,7488,"$8,670 (2017-18)","Aug. 1","Public, Coed",1889,"N/A",48700,"(2017-18)",8670,"(2017-18)"
"268","University of Idaho",171,23812,"$8,670 (2017-18)","Aug. 1","Public, Coed",1889,"N/A",48700,"(2017-18)",8670,"(2017-18)"
"269","Virginia Commonwealth University",171,13570,"$10,187 (2017-18)","Jan. 17","Public, Coed",1838,"N/A",45300,"(2017-18)",10187,"(2017-18)"
"270","Virginia Commonwealth University",171,32942,"$10,187 (2017-18)","Jan. 17","Public, Coed",1838,"N/A",45300,"(2017-18)",10187,"(2017-18)"
"271","Kent State University",176,10012,"$10,916 (2017-18)","May 1","Public, Coed",1910,"N/A",41700,"(2017-18)",10916,"(2017-18)"
"272","Kent State University",176,18376,"$10,916 (2017-18)","May 1","Public, Coed",1910,"N/A",41700,"(2017-18)",10916,"(2017-18)"
"273","Robert Morris University",176,29420,"$11,180 (2017-18)","rolling","Private, Coed",1921,"N/A",45700,"(2017-18)",11180,"(2017-18)"
"274","Texas Tech University",176,10771,"$9,384 (2017-18)","Aug. 1","Public, Coed",1923,"N/A",51500,"(2017-18)",9384,"(2017-18)"
"275","Texas Tech University",176,23011,"$9,384 (2017-18)","Aug. 1","Public, Coed",1923,"N/A",51500,"(2017-18)",9384,"(2017-18)"
"276","Union University",176,31580,"$11,200 (2017-18)","rolling","Private, Coed",1823,"Southern Baptist",42900,"(2017-18)",11200,"(2017-18)"
"277","University of Hartford",176,38910,"$12,346 (2017-18)","rolling","Private, Coed",1877,"N/A",49600,"(2017-18)",12346,"(2017-18)"
"278","Edgewood College",181,28500,"$10,494 (2017-18)","Aug. 15","Private, Coed",1927,"Roman Catholic",NA,"(2017-18)",10494,"(2017-18)"
"279","Lesley University",181,26550,"$15,750 (2017-18)","July 15","Private, Coed",1909,"N/A",43200,"(2017-18)",15750,"(2017-18)"
"280","Lipscomb University",181,30932,"$12,034 (2017-18)","rolling","Private, Coed",1891,"N/A",43900,"(2017-18)",12034,"(2017-18)"
"281","Suffolk University",181,37270,"$16,576 (2017-18)","Feb. 15","Private, Coed",1906,"N/A",46400,"(2017-18)",16576,"(2017-18)"
"282","University of Maine",181,10902,"$10,144 (2017-18)","Feb. 1","Public, Coed",1865,"N/A",47300,"(2017-18)",10144,"(2017-18)"
"283","University of Maine",181,30282,"$10,144 (2017-18)","Feb. 1","Public, Coed",1865,"N/A",47300,"(2017-18)",10144,"(2017-18)"
"284","University of Wyoming",181,5217,"$10,320 (2017-18)","Aug. 10","Public, Coed",1886,"N/A",49100,"(2017-18)",10320,"(2017-18)"
"285","University of Wyoming",181,16827,"$10,320 (2017-18)","Aug. 10","Public, Coed",1886,"N/A",49100,"(2017-18)",10320,"(2017-18)"
"286","Azusa Pacific University",187,36120,"$9,492 (2016-17)","June 1","Private, Coed",1899,"N/A",44200,"(2017-18)",9492,"(2016-17)"
"287","Ball State University",187,9848,"$10,038 (2017-18)","Aug. 10","Public, Coed",1918,"N/A",41200,"(2017-18)",10038,"(2017-18)"
"288","Ball State University",187,25938,"$10,038 (2017-18)","Aug. 10","Public, Coed",1918,"N/A",41200,"(2017-18)",10038,"(2017-18)"
"289","Montclair State University",187,12454,"$14,094 (2016-17)","March 1","Public, Coed",1908,"N/A",46400,"(2017-18)",14094,"(2016-17)"
"290","Montclair State University",187,20566,"$14,094 (2016-17)","March 1","Public, Coed",1908,"N/A",46400,"(2017-18)",14094,"(2016-17)"
"291","Pace University",187,44036,"$18,540 (2017-18)","Feb. 15","Private, Coed",1906,"N/A",53900,"(2017-18)",18540,"(2017-18)"
"292","West Virginia University",187,8376,"$10,576 (2017-18)","Aug. 1","Public, Coed",1867,"N/A",49200,"(2017-18)",10576,"(2017-18)"
"293","West Virginia University",187,23616,"$10,576 (2017-18)","Aug. 1","Public, Coed",1867,"N/A",49200,"(2017-18)",10576,"(2017-18)"
"294","Andrews University",192,28436,"$9,078 (2017-18)","rolling","Private, Coed",1874,"Seventh Day Adventist",44800,"(2017-18)",9078,"(2017-18)"
"295","Indiana University-Purdue University--Indianapolis",192,9334,"$8,745 (2017-18)","May 1","Public, Coed",1969,"N/A",46200,"(2017-18)",8745,"(2017-18)"
"296","Indiana University-Purdue University--Indianapolis",192,29806,"$8,745 (2017-18)","May 1","Public, Coed",1969,"N/A",46200,"(2017-18)",8745,"(2017-18)"
"297","University of Houston",192,11887,"$9,984 (2017-18)","June 15","Public, Coed",1927,"N/A",51400,"(2017-18)",9984,"(2017-18)"
"298","University of Houston",192,27337,"$9,984 (2017-18)","June 15","Public, Coed",1927,"N/A",51400,"(2017-18)",9984,"(2017-18)"
"299","University of New Mexico",192,7150,"$9,662 (2017-18)","rolling","Public, Coed",1889,"N/A",44600,"(2017-18)",9662,"(2017-18)"
"300","University of New Mexico",192,22412,"$9,662 (2017-18)","rolling","Public, Coed",1889,"N/A",44600,"(2017-18)",9662,"(2017-18)"
"301","University of North Dakota",192,9862,"$8,548 (2017-18)","rolling","Public, Coed",1883,"N/A",48900,"(2017-18)",8548,"(2017-18)"
"302","University of North Dakota",192,21462,"$8,548 (2017-18)","rolling","Public, Coed",1883,"N/A",48900,"(2017-18)",8548,"(2017-18)"
"303","Widener University",192,44166,"$14,024 (2017-18)","rolling","Private, Coed",1821,"N/A",NA,"(2017-18)",14024,"(2017-18)"
"304","New Mexico State University",198,7122,"$8,686 (2017-18)","rolling","Public, Coed",1888,"N/A",48100,"(2017-18)",8686,"(2017-18)"
"305","New Mexico State University",198,22701,"$8,686 (2017-18)","rolling","Public, Coed",1888,"N/A",48100,"(2017-18)",8686,"(2017-18)"
"306","North Dakota State University",198,9409,"$8,357 (2017-18)","rolling","Public, Coed",1890,"N/A",51200,"(2017-18)",8357,"(2017-18)"
"307","North Dakota State University",198,20571,"$8,357 (2017-18)","rolling","Public, Coed",1890,"N/A",51200,"(2017-18)",8357,"(2017-18)"
"308","Nova Southeastern University",198,29940,"$12,550 (2017-18)","Feb. 1","Private, Coed",1964,"N/A",48300,"(2017-18)",12550,"(2017-18)"
"309","University of North Carolina--Charlotte",198,6834,"$12,406 (2017-18)","June 1","Public, Coed",1946,"N/A",48100,"(2017-18)",12406,"(2017-18)"
"310","University of North Carolina--Charlotte",198,20268,"$12,406 (2017-18)","June 1","Public, Coed",1946,"N/A",48100,"(2017-18)",12406,"(2017-18)"
"311","Bowling Green State University",202,11057,"$8,918 (2017-18)","July 15","Public, Coed",1910,"N/A",43200,"(2017-18)",8918,"(2017-18)"
"312","Bowling Green State University",202,18593,"$8,918 (2017-18)","July 15","Public, Coed",1910,"N/A",43200,"(2017-18)",8918,"(2017-18)"
"313","California State University--Fullerton",202,6850,"$15,642 (2017-18)","Nov. 30","Public, Coed",1957,"N/A",46200,"(2017-18)",15642,"(2017-18)"
"314","California State University--Fullerton",202,17460,"$15,642 (2017-18)","Nov. 30","Public, Coed",1957,"N/A",46200,"(2017-18)",15642,"(2017-18)"
"315","Dallas Baptist University",202,27480,"$7,740 (2017-18)","rolling","Private, Coed",1898," Baptist",45700,"(2017-18)",7740,"(2017-18)"
"316","University of Massachusetts--Boston",202,13828,"N/A","March 1","Public, Coed",1964,"N/A",49300,"(2017-18)",NA,"N/A"
"317","University of Massachusetts--Boston",202,32985,"N/A","March 1","Public, Coed",1964,"N/A",49300,"(2017-18)",NA,"N/A"
"318","University of Nevada--Reno",202,7599,"$10,940 (2017-18)","April 7","Public, Coed",1864,"N/A",48600,"(2017-18)",10940,"(2017-18)"
"319","University of Nevada--Reno",202,21787,"$10,940 (2017-18)","April 7","Public, Coed",1864,"N/A",48600,"(2017-18)",10940,"(2017-18)"
"320","Central Michigan University",207,12510,"$9,736 (2017-18)","July 1","Public, Coed",1892,"N/A",43800,"(2017-18)",9736,"(2017-18)"
"321","Central Michigan University",207,23670,"$9,736 (2017-18)","July 1","Public, Coed",1892,"N/A",43800,"(2017-18)",9736,"(2017-18)"
"322","East Carolina University",207,7143,"$9,853 (2017-18)","March 1","Public, Coed",1907,"N/A",43900,"(2017-18)",9853,"(2017-18)"
"323","East Carolina University",207,23420,"$9,853 (2017-18)","March 1","Public, Coed",1907,"N/A",43900,"(2017-18)",9853,"(2017-18)"
"324","Florida A&amp;M University",207,5785,"$10,058 (2017-18)","May 15","Public, Coed",1887,"N/A",44700,"(2017-18)",10058,"(2017-18)"
"325","Florida A&amp;M University",207,17725,"$10,058 (2017-18)","May 15","Public, Coed",1887,"N/A",44700,"(2017-18)",10058,"(2017-18)"
"326","Montana State University",207,7031,"$8,900 (2017-18)","rolling","Public, Coed",1893,"N/A",50500,"(2017-18)",8900,"(2017-18)"
"327","Montana State University",207,23042,"$8,900 (2017-18)","rolling","Public, Coed",1893,"N/A",50500,"(2017-18)",8900,"(2017-18)"
"328","University of Alaska--Fairbanks",207,8144,"$8,530 (2017-18)","June 15","Public, Coed",1917,"N/A",52600,"(2017-18)",8530,"(2017-18)"
"329","University of Alaska--Fairbanks",207,23534,"$8,530 (2017-18)","June 15","Public, Coed",1917,"N/A",52600,"(2017-18)",8530,"(2017-18)"
"330","University of Colorado--Denver",207,11019,"$11,358 (2017-18)","rolling","Public, Coed",1912,"N/A",49300,"(2017-18)",11358,"(2017-18)"
"331","University of Colorado--Denver",207,31209,"$11,358 (2017-18)","rolling","Public, Coed",1912,"N/A",49300,"(2017-18)",11358,"(2017-18)"
"332","University of Massachusetts--Dartmouth",207,13571,"$12,936 (2017-18)","rolling","Public, Coed",1895,"N/A",49800,"(2017-18)",12936,"(2017-18)"
"333","University of Massachusetts--Dartmouth",207,28285,"$12,936 (2017-18)","rolling","Public, Coed",1895,"N/A",49800,"(2017-18)",12936,"(2017-18)"
"334","University of Montana",207,7063,"$9,178 (2017-18)","rolling","Public, Coed",1893,"N/A",41300,"(2017-18)",9178,"(2017-18)"
"335","University of Montana",207,24943,"$9,178 (2017-18)","rolling","Public, Coed",1893,"N/A",41300,"(2017-18)",9178,"(2017-18)"
"336","Western Michigan University",207,11943,"$9,848 (2017-18)","rolling","Public, Coed",1903,"N/A",46400,"(2017-18)",9848,"(2017-18)"
"337","Western Michigan University",207,14699,"$9,848 (2017-18)","rolling","Public, Coed",1903,"N/A",46400,"(2017-18)",9848,"(2017-18)"
"338","Florida International University",216,6558,"$10,846 (2017-18)","N/A","Public, Coed",1972,"N/A",44900,"(2017-18)",10846,"(2017-18)"
"339","Florida International University",216,18956,"$10,846 (2017-18)","N/A","Public, Coed",1972,"N/A",44900,"(2017-18)",10846,"(2017-18)"
"340","Louisiana Tech University",216,9525,"$7,890 (2017-18)","rolling","Public, Coed",1894,"N/A",49500,"(2017-18)",7890,"(2017-18)"
"341","Louisiana Tech University",216,18438,"$7,890 (2017-18)","rolling","Public, Coed",1894,"N/A",49500,"(2017-18)",7890,"(2017-18)"
"342","South Dakota State University",216,8172,"$7,744 (2016-17)","rolling","Public, Coed",1881,"N/A",NA,"(2016-17)",7744,"(2016-17)"
"343","South Dakota State University",216,11403,"$7,744 (2016-17)","rolling","Public, Coed",1881,"N/A",NA,"(2016-17)",7744,"(2016-17)"
"344","Southern Illinois University--Carbondale",216,13936,"$10,622 (2017-18)","May 1","Public, Coed",1869,"N/A",47000,"(2017-18)",10622,"(2017-18)"
"345","Southern Illinois University--Carbondale",216,13936,"$10,622 (2017-18)","May 1","Public, Coed",1869,"N/A",47000,"(2017-18)",10622,"(2017-18)"
"346","University of Alabama--Huntsville",216,10280,"$9,748 (2017-18)","Aug. 17","Public, Coed",1950,"N/A",52800,"(2017-18)",9748,"(2017-18)"
"347","University of Alabama--Huntsville",216,21480,"$9,748 (2017-18)","Aug. 17","Public, Coed",1950,"N/A",52800,"(2017-18)",9748,"(2017-18)"
"348","University of Missouri--Kansas City",216,9734,"$10,150 (2017-18)","rolling","Public, Coed",1929,"N/A",46000,"(2017-18)",10150,"(2017-18)"
"349","University of Missouri--Kansas City",216,25999,"$10,150 (2017-18)","rolling","Public, Coed",1929,"N/A",46000,"(2017-18)",10150,"(2017-18)"
"350","Utah State University",216,7174,"$6,060 (2017-18)","rolling","Public, Coed",1888,"N/A",47800,"(2017-18)",6060,"(2017-18)"
"351","Utah State University",216,20726,"$6,060 (2017-18)","rolling","Public, Coed",1888,"N/A",47800,"(2017-18)",6060,"(2017-18)"
"352","Ashland University",223,20700,"$9,746 (2017-18)","rolling","Private, Coed",1878,"N/A",40000,"(2017-18)",9746,"(2017-18)"
"353","Benedictine University",223,33900,"$9,200 (2017-18)","rolling","Private, Coed",1887,"Roman Catholic",46300,"(2017-18)",9200,"(2017-18)"
"354","California State University--Fresno",223,6583,"$9,704 (2017-18)","Nov. 30","Public, Coed",1911,"N/A",46200,"(2017-18)",9704,"(2017-18)"
"355","California State University--Fresno",223,17929,"$9,704 (2017-18)","Nov. 30","Public, Coed",1911,"N/A",46200,"(2017-18)",9704,"(2017-18)"
"356","Gardner-Webb University",223,30740,"$10,080 (2017-18)","rolling","Private, Coed",1905,"N/A",37900,"(2017-18)",10080,"(2017-18)"
"357","Georgia State University",223,10858,"$14,392 (2017-18)","March 1","Public, Coed",1913,"N/A",45900,"(2017-18)",14392,"(2017-18)"
"358","Georgia State University",223,29432,"$14,392 (2017-18)","March 1","Public, Coed",1913,"N/A",45900,"(2017-18)",14392,"(2017-18)"
"359","Shenandoah University",223,31920,"$10,180 (2017-18)","rolling","Private, Coed",1875,"United Methodist",NA,"(2017-18)",10180,"(2017-18)"
"360","University of South Dakota",223,8457,"$7,535 (2016-17)","rolling","Public, Coed",1862,"N/A",42000,"(2016-17)",7535,"(2016-17)"
"361","University of South Dakota",223,11688,"$7,535 (2016-17)","rolling","Public, Coed",1862,"N/A",42000,"(2016-17)",7535,"(2016-17)"
"362","Wayne State University",223,13278,"$9,747 (2016-17)","Aug. 1","Public, Coed",1868,"N/A",47000,"(2016-17)",9747,"(2016-17)"
"363","Wayne State University",223,28590,"$9,747 (2016-17)","Aug. 1","Public, Coed",1868,"N/A",47000,"(2016-17)",9747,"(2016-17)"
